statistics_code;statistics_label;time_code;time_label;time;1_variable_code;1_variable_label;1_variable_attribute_code;1_variable_attribute_label;2_variable_code;2_variable_label;2_variable_attribute_code;2_variable_attribute_label;value;value_unit;value_variable_code;value_variable_label
12241;Einkommen und Lebensbedingungen (EU-SILC);JAHR;Jahr;2019;DINSG;Deutschland insgesamt;DG;Deutschland;ERWST4;Überwiegender Erwerbsstatus;STSOZIAL04;Arbeitslose;2113;1000;PER039;Hochgerechnete Personen ab 16 Jahren
12241;Einkommen und Lebensbedingungen (EU-SILC);JAHR;Jahr;2019;DINSG;Deutschland insgesamt;DG;Deutschland;ERWST4;Überwiegender Erwerbsstatus;STSOZIAL04;Arbeitslose;73,8;Prozent;AGQ002;Armutsgefährdungsquote von Personen ab 16 Jahren
12241;Einkommen und Lebensbedingungen (EU-SILC);JAHR;Jahr;2019;DINSG;Deutschland insgesamt;DG;Deutschland;ERWST4;Überwiegender Erwerbsstatus;STSOZIAL04;Arbeitslose;491;Anzahl;PER038;Erfasste Personen ab 16 Jahren
12241;Einkommen und Lebensbedingungen (EU-SILC);JAHR;Jahr;2019;DINSG;Deutschland insgesamt;DG;Deutschland;ERWST4;Überwiegender Erwerbsstatus;STSOZIAL04;Arbeitslose;10703;EUR/Jahr;EKM016;Nettoäquivalenzeinkommen (Median) v.Pers. ab 16 J.
12241;Einkommen und Lebensbedingungen (EU-SILC);JAHR;Jahr;2019;DINSG;Deutschland insgesamt;DG;Deutschland;ERWST4;Überwiegender Erwerbsstatus;RENTNER-02;Rentner und Pensionäre;17042;1000;PER039;Hochgerechnete Personen ab 16 Jahren
12241;Einkommen und Lebensbedingungen (EU-SILC);JAHR;Jahr;2019;DINSG;Deutschland insgesamt;DG;Deutschland;ERWST4;Überwiegender Erwerbsstatus;RENTNER-02;Rentner und Pensionäre;18,4;Prozent;AGQ002;Armutsgefährdungsquote von Personen ab 16 Jahren
12241;Einkommen und Lebensbedingungen (EU-SILC);JAHR;Jahr;2019;DINSG;Deutschland insgesamt;DG;Deutschland;ERWST4;Überwiegender Erwerbsstatus;RENTNER-02;Rentner und Pensionäre;6854;Anzahl;PER038;Erfasste Personen ab 16 Jahren
12241;Einkommen und Lebensbedingungen (EU-SILC);JAHR;Jahr;2019;DINSG;Deutschland insgesamt;DG;Deutschland;ERWST4;Überwiegender Erwerbsstatus;RENTNER-02;Rentner und Pensionäre;20017;EUR/Jahr;EKM016;Nettoäquivalenzeinkommen (Median) v.Pers. ab 16 J.
12241;Einkommen und Lebensbedingungen (EU-SILC);JAHR;Jahr;2019;DINSG;Deutschland insgesamt;DG;Deutschland;ERWST4;Überwiegender Erwerbsstatus;;Insgesamt;69509;1000;PER039;Hochgerechnete Personen ab 16 Jahren
12241;Einkommen und Lebensbedingungen (EU-SILC);JAHR;Jahr;2019;DINSG;Deutschland insgesamt;DG;Deutschland;ERWST4;Überwiegender Erwerbsstatus;;Insgesamt;15,3;Prozent;AGQ002;Armutsgefährdungsquote von Personen ab 16 Jahren
12241;Einkommen und Lebensbedingungen (EU-SILC);JAHR;Jahr;2019;DINSG;Deutschland insgesamt;DG;Deutschland;ERWST4;Überwiegender Erwerbsstatus;;Insgesamt;20899;Anzahl;PER038;Erfasste Personen ab 16 Jahren
12241;Einkommen und Lebensbedingungen (EU-SILC);JAHR;Jahr;2019;DINSG;Deutschland insgesamt;DG;Deutschland;ERWST4;Überwiegender Erwerbsstatus;;Insgesamt;22913;EUR/Jahr;EKM016;Nettoäquivalenzeinkommen (Median) v.Pers. ab 16 J.
12241;Einkommen und Lebensbedingungen (EU-SILC);JAHR;Jahr;2019;DINSG;Deutschland insgesamt;DG;Deutschland;ERWST4;Überwiegender Erwerbsstatus;ERWERBS-02;Sonstige Nichterwerbstätige;11164;1000;PER039;Hochgerechnete Personen ab 16 Jahren
12241;Einkommen und Lebensbedingungen (EU-SILC);JAHR;Jahr;2019;DINSG;Deutschland insgesamt;DG;Deutschland;ERWST4;Überwiegender Erwerbsstatus;ERWERBS-02;Sonstige Nichterwerbstätige;24,5;Prozent;AGQ002;Armutsgefährdungsquote von Personen ab 16 Jahren
12241;Einkommen und Lebensbedingungen (EU-SILC);JAHR;Jahr;2019;DINSG;Deutschland insgesamt;DG;Deutschland;ERWST4;Überwiegender Erwerbsstatus;ERWERBS-02;Sonstige Nichterwerbstätige;2854;Anzahl;PER038;Erfasste Personen ab 16 Jahren
12241;Einkommen und Lebensbedingungen (EU-SILC);JAHR;Jahr;2019;DINSG;Deutschland insgesamt;DG;Deutschland;ERWST4;Überwiegender Erwerbsstatus;ERWERBS-02;Sonstige Nichterwerbstätige;19622;EUR/Jahr;EKM016;Nettoäquivalenzeinkommen (Median) v.Pers. ab 16 J.
12241;Einkommen und Lebensbedingungen (EU-SILC);JAHR;Jahr;2019;DINSG;Deutschland insgesamt;DG;Deutschland;ERWST4;Überwiegender Erwerbsstatus;STBERUF191;Nichterwerbstätige;30320;1000;PER039;Hochgerechnete Personen ab 16 Jahren
12241;Einkommen und Lebensbedingungen (EU-SILC);JAHR;Jahr;2019;DINSG;Deutschland insgesamt;DG;Deutschland;ERWST4;Überwiegender Erwerbsstatus;STBERUF191;Nichterwerbstätige;24,5;Prozent;AGQ002;Armutsgefährdungsquote von Personen ab 16 Jahren
12241;Einkommen und Lebensbedingungen (EU-SILC);JAHR;Jahr;2019;DINSG;Deutschland insgesamt;DG;Deutschland;ERWST4;Überwiegender Erwerbsstatus;STBERUF191;Nichterwerbstätige;10199;Anzahl;PER038;Erfasste Personen ab 16 Jahren
12241;Einkommen und Lebensbedingungen (EU-SILC);JAHR;Jahr;2019;DINSG;Deutschland insgesamt;DG;Deutschland;ERWST4;Überwiegender Erwerbsstatus;STBERUF191;Nichterwerbstätige;19317;EUR/Jahr;EKM016;Nettoäquivalenzeinkommen (Median) v.Pers. ab 16 J.
12241;Einkommen und Lebensbedingungen (EU-SILC);JAHR;Jahr;2019;DINSG;Deutschland insgesamt;DG;Deutschland;ERWST4;Überwiegender Erwerbsstatus;ERWERBS;Erwerbstätige;38868;1000;PER039;Hochgerechnete Personen ab 16 Jahren
12241;Einkommen und Lebensbedingungen (EU-SILC);JAHR;Jahr;2019;DINSG;Deutschland insgesamt;DG;Deutschland;ERWST4;Überwiegender Erwerbsstatus;ERWERBS;Erwerbstätige;8,1;Prozent;AGQ002;Armutsgefährdungsquote von Personen ab 16 Jahren
12241;Einkommen und Lebensbedingungen (EU-SILC);JAHR;Jahr;2019;DINSG;Deutschland insgesamt;DG;Deutschland;ERWST4;Überwiegender Erwerbsstatus;ERWERBS;Erwerbstätige;10617;Anzahl;PER038;Erfasste Personen ab 16 Jahren
12241;Einkommen und Lebensbedingungen (EU-SILC);JAHR;Jahr;2019;DINSG;Deutschland insgesamt;DG;Deutschland;ERWST4;Überwiegender Erwerbsstatus;ERWERBS;Erwerbstätige;25937;EUR/Jahr;EKM016;Nettoäquivalenzeinkommen (Median) v.Pers. ab 16 J.
