statistics_code;statistics_label;time_code;time_label;time;1_variable_code;1_variable_label;1_variable_attribute_code;1_variable_attribute_label;2_variable_code;2_variable_label;2_variable_attribute_code;2_variable_attribute_label;3_variable_code;3_variable_label;3_variable_attribute_code;3_variable_attribute_label;value;value_unit;value_variable_code;value_variable_label
21211;Berufsbildungsstatistik;STAG;Stichtag;2025-12-31;DLAND;Bundesländer;15;Sachsen-Anhalt;GES;Geschlecht;GESM;männlich;BILAG3;Schulabschluss;BILABS26;Realschul- oder vergleichbarer Abschluss;10809;Anzahl;BIL040;Auszubildende
21211;Berufsbildungsstatistik;STAG;Stichtag;2025-12-31;DLAND;Bundesländer;10;Saarland;GES;Geschlecht;GESM;männlich;BILAG3;Schulabschluss;BILABS12;Erster Schulabschluss;2823;Anzahl;BIL040;Auszubildende
21211;Berufsbildungsstatistik;STAG;Stichtag;2025-12-31;DLAND;Bundesländer;08;Baden-Württemberg;GES;Geschlecht;GESW;weiblich;BILAG3;Schulabschluss;BILABS11;Ohne Ersten Schulabschluss;1089;Anzahl;BIL040;Auszubildende
21211;Berufsbildungsstatistik;STAG;Stichtag;2025-12-31;DLAND;Bundesländer;03;Niedersachsen;GES;Geschlecht;GESM;männlich;BILAG3;Schulabschluss;BILABS98;Im Ausland erworbener Abschluss (nicht zuordenbar);2406;Anzahl;BIL040;Auszubildende
21211;Berufsbildungsstatistik;STAG;Stichtag;2025-12-31;DLAND;Bundesländer;04;Bremen;GES;Geschlecht;GESM;männlich;BILAG3;Schulabschluss;BILABS26;Realschul- oder vergleichbarer Abschluss;3348;Anzahl;BIL040;Auszubildende
21211;Berufsbildungsstatistik;STAG;Stichtag;2025-12-31;DLAND;Bundesländer;01;Schleswig-Holstein;GES;Geschlecht;GESW;weiblich;BILAG3;Schulabschluss;BILABS27;Hochschul- oder Fachhochschulreife;5088;Anzahl;BIL040;Auszubildende
21211;Berufsbildungsstatistik;STAG;Stichtag;2025-12-31;DLAND;Bundesländer;13;Mecklenburg-Vorpommern;GES;Geschlecht;;Insgesamt;BILAG3;Schulabschluss;BILABS12;Erster Schulabschluss;3693;Anzahl;BIL040;Auszubildende
21211;Berufsbildungsstatistik;STAG;Stichtag;2025-12-31;DLAND;Bundesländer;06;Hessen;GES;Geschlecht;GESM;männlich;BILAG3;Schulabschluss;BILABS27;Hochschul- oder Fachhochschulreife;13854;Anzahl;BIL040;Auszubildende
21211;Berufsbildungsstatistik;STAG;Stichtag;2025-12-31;DLAND;Bundesländer;02;Hamburg;GES;Geschlecht;;Insgesamt;BILAG3;Schulabschluss;BILABS12;Erster Schulabschluss;6219;Anzahl;BIL040;Auszubildende
21211;Berufsbildungsstatistik;STAG;Stichtag;2025-12-31;DLAND;Bundesländer;09;Bayern;GES;Geschlecht;;Insgesamt;BILAG3;Schulabschluss;BILABS11;Ohne Ersten Schulabschluss;7668;Anzahl;BIL040;Auszubildende
21211;Berufsbildungsstatistik;STAG;Stichtag;2025-12-31;DLAND;Bundesländer;15;Sachsen-Anhalt;GES;Geschlecht;;Insgesamt;BILAG3;Schulabschluss;BILABS98;Im Ausland erworbener Abschluss (nicht zuordenbar);1146;Anzahl;BIL040;Auszubildende
21211;Berufsbildungsstatistik;STAG;Stichtag;2025-12-31;DLAND;Bundesländer;04;Bremen;GES;Geschlecht;;Insgesamt;BILAG3;Schulabschluss;BILABS98;Im Ausland erworbener Abschluss (nicht zuordenbar);393;Anzahl;BIL040;Auszubildende
21211;Berufsbildungsstatistik;STAG;Stichtag;2025-12-31;DLAND;Bundesländer;10;Saarland;GES;Geschlecht;GESW;weiblich;BILAG3;Schulabschluss;;Insgesamt;4542;Anzahl;BIL040;Auszubildende
21211;Berufsbildungsstatistik;STAG;Stichtag;2025-12-31;DLAND;Bundesländer;14;Sachsen;GES;Geschlecht;GESM;männlich;BILAG3;Schulabschluss;BILABS98;Im Ausland erworbener Abschluss (nicht zuordenbar);984;Anzahl;BIL040;Auszubildende
21211;Berufsbildungsstatistik;STAG;Stichtag;2025-12-31;DLAND;Bundesländer;12;Brandenburg;GES;Geschlecht;;Insgesamt;BILAG3;Schulabschluss;BILABS11;Ohne Ersten Schulabschluss;993;Anzahl;BIL040;Auszubildende
21211;Berufsbildungsstatistik;STAG;Stichtag;2025-12-31;DLAND;Bundesländer;01;Schleswig-Holstein;GES;Geschlecht;;Insgesamt;BILAG3;Schulabschluss;BILABS11;Ohne Ersten Schulabschluss;1296;Anzahl;BIL040;Auszubildende
21211;Berufsbildungsstatistik;STAG;Stichtag;2025-12-31;DLAND;Bundesländer;09;Bayern;GES;Geschlecht;GESW;weiblich;BILAG3;Schulabschluss;;Insgesamt;77997;Anzahl;BIL040;Auszubildende
21211;Berufsbildungsstatistik;STAG;Stichtag;2025-12-31;DLAND;Bundesländer;09;Bayern;GES;Geschlecht;;Insgesamt;BILAG3;Schulabschluss;;Insgesamt;215415;Anzahl;BIL040;Auszubildende
21211;Berufsbildungsstatistik;STAG;Stichtag;2025-12-31;DLAND;Bundesländer;13;Mecklenburg-Vorpommern;GES;Geschlecht;GESW;weiblich;BILAG3;Schulabschluss;BILABS27;Hochschul- oder Fachhochschulreife;1758;Anzahl;BIL040;Auszubildende
21211;Berufsbildungsstatistik;STAG;Stichtag;2025-12-31;DLAND;Bundesländer;10;Saarland;GES;Geschlecht;GESW;weiblich;BILAG3;Schulabschluss;BILABS98;Im Ausland erworbener Abschluss (nicht zuordenbar);168;Anzahl;BIL040;Auszubildende
21211;Berufsbildungsstatistik;STAG;Stichtag;2025-12-31;DLAND;Bundesländer;11;Berlin;GES;Geschlecht;GESW;weiblich;BILAG3;Schulabschluss;BILABS26;Realschul- oder vergleichbarer Abschluss;5349;Anzahl;BIL040;Auszubildende
21211;Berufsbildungsstatistik;STAG;Stichtag;2025-12-31;DLAND;Bundesländer;16;Thüringen;GES;Geschlecht;GESM;männlich;BILAG3;Schulabschluss;BILABS27;Hochschul- oder Fachhochschulreife;2541;Anzahl;BIL040;Auszubildende
21211;Berufsbildungsstatistik;STAG;Stichtag;2025-12-31;DLAND;Bundesländer;04;Bremen;GES;Geschlecht;GESM;männlich;BILAG3;Schulabschluss;BILABS98;Im Ausland erworbener Abschluss (nicht zuordenbar);234;Anzahl;BIL040;Auszubildende
21211;Berufsbildungsstatistik;STAG;Stichtag;2025-12-31;DLAND;Bundesländer;09;Bayern;GES;Geschlecht;GESW;weiblich;BILAG3;Schulabschluss;BILABS12;Erster Schulabschluss;19335;Anzahl;BIL040;Auszubildende
21211;Berufsbildungsstatistik;STAG;Stichtag;2025-12-31;DLAND;Bundesländer;06;Hessen;GES;Geschlecht;;Insgesamt;BILAG3;Schulabschluss;BILABS27;Hochschul- oder Fachhochschulreife;23703;Anzahl;BIL040;Auszubildende
21211;Berufsbildungsstatistik;STAG;Stichtag;2025-12-31;DLAND;Bundesländer;07;Rheinland-Pfalz;GES;Geschlecht;GESW;weiblich;BILAG3;Schulabschluss;BILABS11;Ohne Ersten Schulabschluss;318;Anzahl;BIL040;Auszubildende
21211;Berufsbildungsstatistik;STAG;Stichtag;2025-12-31;DLAND;Bundesländer;12;Brandenburg;GES;Geschlecht;GESW;weiblich;BILAG3;Schulabschluss;;Insgesamt;8511;Anzahl;BIL040;Auszubildende
21211;Berufsbildungsstatistik;STAG;Stichtag;2025-12-31;DLAND;Bundesländer;07;Rheinland-Pfalz;GES;Geschlecht;GESM;männlich;BILAG3;Schulabschluss;BILABS27;Hochschul- oder Fachhochschulreife;9594;Anzahl;BIL040;Auszubildende
21211;Berufsbildungsstatistik;STAG;Stichtag;2025-12-31;DLAND;Bundesländer;05;Nordrhein-Westfalen;GES;Geschlecht;GESM;männlich;BILAG3;Schulabschluss;BILABS26;Realschul- oder vergleichbarer Abschluss;69537;Anzahl;BIL040;Auszubildende
21211;Berufsbildungsstatistik;STAG;Stichtag;2025-12-31;DLAND;Bundesländer;15;Sachsen-Anhalt;GES;Geschlecht;;Insgesamt;BILAG3;Schulabschluss;BILABS26;Realschul- oder vergleichbarer Abschluss;15519;Anzahl;BIL040;Auszubildende
21211;Berufsbildungsstatistik;STAG;Stichtag;2025-12-31;DLAND;Bundesländer;05;Nordrhein-Westfalen;GES;Geschlecht;;Insgesamt;BILAG3;Schulabschluss;BILABS26;Realschul- oder vergleichbarer Abschluss;99702;Anzahl;BIL040;Auszubildende
21211;Berufsbildungsstatistik;STAG;Stichtag;2025-12-31;DLAND;Bundesländer;16;Thüringen;GES;Geschlecht;;Insgesamt;BILAG3;Schulabschluss;BILABS27;Hochschul- oder Fachhochschulreife;4305;Anzahl;BIL040;Auszubildende
21211;Berufsbildungsstatistik;STAG;Stichtag;2025-12-31;DLAND;Bundesländer;10;Saarland;GES;Geschlecht;GESW;weiblich;BILAG3;Schulabschluss;BILABS26;Realschul- oder vergleichbarer Abschluss;1572;Anzahl;BIL040;Auszubildende
21211;Berufsbildungsstatistik;STAG;Stichtag;2025-12-31;DLAND;Bundesländer;12;Brandenburg;GES;Geschlecht;GESW;weiblich;BILAG3;Schulabschluss;BILABS27;Hochschul- oder Fachhochschulreife;3015;Anzahl;BIL040;Auszubildende
21211;Berufsbildungsstatistik;STAG;Stichtag;2025-12-31;DLAND;Bundesländer;11;Berlin;GES;Geschlecht;GESM;männlich;BILAG3;Schulabschluss;;Insgesamt;22254;Anzahl;BIL040;Auszubildende
21211;Berufsbildungsstatistik;STAG;Stichtag;2025-12-31;DLAND;Bundesländer;13;Mecklenburg-Vorpommern;GES;Geschlecht;GESM;männlich;BILAG3;Schulabschluss;BILABS98;Im Ausland erworbener Abschluss (nicht zuordenbar);612;Anzahl;BIL040;Auszubildende
21211;Berufsbildungsstatistik;STAG;Stichtag;2025-12-31;DLAND;Bundesländer;14;Sachsen;GES;Geschlecht;GESM;männlich;BILAG3;Schulabschluss;BILABS26;Realschul- oder vergleichbarer Abschluss;21753;Anzahl;BIL040;Auszubildende
21211;Berufsbildungsstatistik;STAG;Stichtag;2025-12-31;DLAND;Bundesländer;01;Schleswig-Holstein;GES;Geschlecht;GESM;männlich;BILAG3;Schulabschluss;BILABS98;Im Ausland erworbener Abschluss (nicht zuordenbar);999;Anzahl;BIL040;Auszubildende
21211;Berufsbildungsstatistik;STAG;Stichtag;2025-12-31;DLAND;Bundesländer;13;Mecklenburg-Vorpommern;GES;Geschlecht;GESM;männlich;BILAG3;Schulabschluss;BILABS26;Realschul- oder vergleichbarer Abschluss;7455;Anzahl;BIL040;Auszubildende
21211;Berufsbildungsstatistik;STAG;Stichtag;2025-12-31;DLAND;Bundesländer;02;Hamburg;GES;Geschlecht;GESW;weiblich;BILAG3;Schulabschluss;;Insgesamt;10593;Anzahl;BIL040;Auszubildende
21211;Berufsbildungsstatistik;STAG;Stichtag;2025-12-31;DLAND;Bundesländer;10;Saarland;GES;Geschlecht;GESM;männlich;BILAG3;Schulabschluss;BILABS11;Ohne Ersten Schulabschluss;348;Anzahl;BIL040;Auszubildende
21211;Berufsbildungsstatistik;STAG;Stichtag;2025-12-31;DLAND;Bundesländer;03;Niedersachsen;GES;Geschlecht;GESW;weiblich;BILAG3;Schulabschluss;BILABS27;Hochschul- oder Fachhochschulreife;14649;Anzahl;BIL040;Auszubildende
21211;Berufsbildungsstatistik;STAG;Stichtag;2025-12-31;DLAND;Bundesländer;14;Sachsen;GES;Geschlecht;GESW;weiblich;BILAG3;Schulabschluss;BILABS27;Hochschul- oder Fachhochschulreife;4122;Anzahl;BIL040;Auszubildende
21211;Berufsbildungsstatistik;STAG;Stichtag;2025-12-31;DLAND;Bundesländer;06;Hessen;GES;Geschlecht;GESW;weiblich;BILAG3;Schulabschluss;BILABS11;Ohne Ersten Schulabschluss;672;Anzahl;BIL040;Auszubildende
21211;Berufsbildungsstatistik;STAG;Stichtag;2025-12-31;DLAND;Bundesländer;08;Baden-Württemberg;GES;Geschlecht;GESW;weiblich;BILAG3;Schulabschluss;BILABS12;Erster Schulabschluss;9933;Anzahl;BIL040;Auszubildende
21211;Berufsbildungsstatistik;STAG;Stichtag;2025-12-31;DLAND;Bundesländer;01;Schleswig-Holstein;GES;Geschlecht;GESW;weiblich;BILAG3;Schulabschluss;BILABS26;Realschul- oder vergleichbarer Abschluss;5502;Anzahl;BIL040;Auszubildende
21211;Berufsbildungsstatistik;STAG;Stichtag;2025-12-31;DLAND;Bundesländer;08;Baden-Württemberg;GES;Geschlecht;GESM;männlich;BILAG3;Schulabschluss;BILABS27;Hochschul- oder Fachhochschulreife;25140;Anzahl;BIL040;Auszubildende
21211;Berufsbildungsstatistik;STAG;Stichtag;2025-12-31;DLAND;Bundesländer;03;Niedersachsen;GES;Geschlecht;;Insgesamt;BILAG3;Schulabschluss;BILABS12;Erster Schulabschluss;24039;Anzahl;BIL040;Auszubildende
21211;Berufsbildungsstatistik;STAG;Stichtag;2025-12-31;DLAND;Bundesländer;07;Rheinland-Pfalz;GES;Geschlecht;GESW;weiblich;BILAG3;Schulabschluss;;Insgesamt;19701;Anzahl;BIL040;Auszubildende
21211;Berufsbildungsstatistik;STAG;Stichtag;2025-12-31;DLAND;Bundesländer;14;Sachsen;GES;Geschlecht;;Insgesamt;BILAG3;Schulabschluss;BILABS12;Erster Schulabschluss;8673;Anzahl;BIL040;Auszubildende
21211;Berufsbildungsstatistik;STAG;Stichtag;2025-12-31;DLAND;Bundesländer;14;Sachsen;GES;Geschlecht;;Insgesamt;BILAG3;Schulabschluss;;Insgesamt;52434;Anzahl;BIL040;Auszubildende
21211;Berufsbildungsstatistik;STAG;Stichtag;2025-12-31;DLAND;Bundesländer;13;Mecklenburg-Vorpommern;GES;Geschlecht;GESM;männlich;BILAG3;Schulabschluss;;Insgesamt;13740;Anzahl;BIL040;Auszubildende
21211;Berufsbildungsstatistik;STAG;Stichtag;2025-12-31;DLAND;Bundesländer;06;Hessen;GES;Geschlecht;GESM;männlich;BILAG3;Schulabschluss;BILABS26;Realschul- oder vergleichbarer Abschluss;25338;Anzahl;BIL040;Auszubildende
21211;Berufsbildungsstatistik;STAG;Stichtag;2025-12-31;DLAND;Bundesländer;05;Nordrhein-Westfalen;GES;Geschlecht;;Insgesamt;BILAG3;Schulabschluss;BILABS98;Im Ausland erworbener Abschluss (nicht zuordenbar);7140;Anzahl;BIL040;Auszubildende
21211;Berufsbildungsstatistik;STAG;Stichtag;2025-12-31;DLAND;Bundesländer;16;Thüringen;GES;Geschlecht;;Insgesamt;BILAG3;Schulabschluss;BILABS98;Im Ausland erworbener Abschluss (nicht zuordenbar);1233;Anzahl;BIL040;Auszubildende
21211;Berufsbildungsstatistik;STAG;Stichtag;2025-12-31;DLAND;Bundesländer;12;Brandenburg;GES;Geschlecht;GESW;weiblich;BILAG3;Schulabschluss;BILABS98;Im Ausland erworbener Abschluss (nicht zuordenbar);216;Anzahl;BIL040;Auszubildende
21211;Berufsbildungsstatistik;STAG;Stichtag;2025-12-31;DLAND;Bundesländer;02;Hamburg;GES;Geschlecht;;Insgesamt;BILAG3;Schulabschluss;BILABS11;Ohne Ersten Schulabschluss;684;Anzahl;BIL040;Auszubildende
21211;Berufsbildungsstatistik;STAG;Stichtag;2025-12-31;DLAND;Bundesländer;16;Thüringen;GES;Geschlecht;GESM;männlich;BILAG3;Schulabschluss;BILABS98;Im Ausland erworbener Abschluss (nicht zuordenbar);765;Anzahl;BIL040;Auszubildende
21211;Berufsbildungsstatistik;STAG;Stichtag;2025-12-31;DLAND;Bundesländer;13;Mecklenburg-Vorpommern;GES;Geschlecht;;Insgesamt;BILAG3;Schulabschluss;BILABS11;Ohne Ersten Schulabschluss;609;Anzahl;BIL040;Auszubildende
21211;Berufsbildungsstatistik;STAG;Stichtag;2025-12-31;DLAND;Bundesländer;11;Berlin;GES;Geschlecht;GESW;weiblich;BILAG3;Schulabschluss;BILABS27;Hochschul- oder Fachhochschulreife;5496;Anzahl;BIL040;Auszubildende
21211;Berufsbildungsstatistik;STAG;Stichtag;2025-12-31;DLAND;Bundesländer;01;Schleswig-Holstein;GES;Geschlecht;GESM;männlich;BILAG3;Schulabschluss;;Insgesamt;27111;Anzahl;BIL040;Auszubildende
21211;Berufsbildungsstatistik;STAG;Stichtag;2025-12-31;DLAND;Bundesländer;15;Sachsen-Anhalt;GES;Geschlecht;GESM;männlich;BILAG3;Schulabschluss;BILABS27;Hochschul- oder Fachhochschulreife;3021;Anzahl;BIL040;Auszubildende
21211;Berufsbildungsstatistik;STAG;Stichtag;2025-12-31;DLAND;Bundesländer;12;Brandenburg;GES;Geschlecht;GESM;männlich;BILAG3;Schulabschluss;BILABS12;Erster Schulabschluss;4302;Anzahl;BIL040;Auszubildende
21211;Berufsbildungsstatistik;STAG;Stichtag;2025-12-31;DLAND;Bundesländer;16;Thüringen;GES;Geschlecht;GESM;männlich;BILAG3;Schulabschluss;BILABS26;Realschul- oder vergleichbarer Abschluss;10464;Anzahl;BIL040;Auszubildende
21211;Berufsbildungsstatistik;STAG;Stichtag;2025-12-31;DLAND;Bundesländer;06;Hessen;GES;Geschlecht;GESM;männlich;BILAG3;Schulabschluss;BILABS98;Im Ausland erworbener Abschluss (nicht zuordenbar);1641;Anzahl;BIL040;Auszubildende
21211;Berufsbildungsstatistik;STAG;Stichtag;2025-12-31;DLAND;Bundesländer;09;Bayern;GES;Geschlecht;GESW;weiblich;BILAG3;Schulabschluss;BILABS11;Ohne Ersten Schulabschluss;2235;Anzahl;BIL040;Auszubildende
21211;Berufsbildungsstatistik;STAG;Stichtag;2025-12-31;DLAND;Bundesländer;07;Rheinland-Pfalz;GES;Geschlecht;;Insgesamt;BILAG3;Schulabschluss;BILABS27;Hochschul- oder Fachhochschulreife;16278;Anzahl;BIL040;Auszubildende
21211;Berufsbildungsstatistik;STAG;Stichtag;2025-12-31;DLAND;Bundesländer;11;Berlin;GES;Geschlecht;;Insgesamt;BILAG3;Schulabschluss;;Insgesamt;35943;Anzahl;BIL040;Auszubildende
21211;Berufsbildungsstatistik;STAG;Stichtag;2025-12-31;DLAND;Bundesländer;02;Hamburg;GES;Geschlecht;GESM;männlich;BILAG3;Schulabschluss;BILABS12;Erster Schulabschluss;4164;Anzahl;BIL040;Auszubildende
21211;Berufsbildungsstatistik;STAG;Stichtag;2025-12-31;DLAND;Bundesländer;05;Nordrhein-Westfalen;GES;Geschlecht;GESM;männlich;BILAG3;Schulabschluss;BILABS27;Hochschul- oder Fachhochschulreife;66321;Anzahl;BIL040;Auszubildende
21211;Berufsbildungsstatistik;STAG;Stichtag;2025-12-31;DLAND;Bundesländer;06;Hessen;GES;Geschlecht;;Insgesamt;BILAG3;Schulabschluss;BILABS26;Realschul- oder vergleichbarer Abschluss;38766;Anzahl;BIL040;Auszubildende
21211;Berufsbildungsstatistik;STAG;Stichtag;2025-12-31;DLAND;Bundesländer;16;Thüringen;GES;Geschlecht;;Insgesamt;BILAG3;Schulabschluss;BILABS26;Realschul- oder vergleichbarer Abschluss;15159;Anzahl;BIL040;Auszubildende
21211;Berufsbildungsstatistik;STAG;Stichtag;2025-12-31;DLAND;Bundesländer;14;Sachsen;GES;Geschlecht;GESW;weiblich;BILAG3;Schulabschluss;;Insgesamt;16959;Anzahl;BIL040;Auszubildende
21211;Berufsbildungsstatistik;STAG;Stichtag;2025-12-31;DLAND;Bundesländer;03;Niedersachsen;GES;Geschlecht;GESM;männlich;BILAG3;Schulabschluss;BILABS26;Realschul- oder vergleichbarer Abschluss;40086;Anzahl;BIL040;Auszubildende
21211;Berufsbildungsstatistik;STAG;Stichtag;2025-12-31;DLAND;Bundesländer;11;Berlin;GES;Geschlecht;GESM;männlich;BILAG3;Schulabschluss;BILABS98;Im Ausland erworbener Abschluss (nicht zuordenbar);798;Anzahl;BIL040;Auszubildende
21211;Berufsbildungsstatistik;STAG;Stichtag;2025-12-31;DLAND;Bundesländer;12;Brandenburg;GES;Geschlecht;GESW;weiblich;BILAG3;Schulabschluss;BILABS26;Realschul- oder vergleichbarer Abschluss;3657;Anzahl;BIL040;Auszubildende
21211;Berufsbildungsstatistik;STAG;Stichtag;2025-12-31;DLAND;Bundesländer;16;Thüringen;GES;Geschlecht;GESW;weiblich;BILAG3;Schulabschluss;;Insgesamt;8529;Anzahl;BIL040;Auszubildende
21211;Berufsbildungsstatistik;STAG;Stichtag;2025-12-31;DLAND;Bundesländer;11;Berlin;GES;Geschlecht;GESM;männlich;BILAG3;Schulabschluss;BILABS26;Realschul- oder vergleichbarer Abschluss;9738;Anzahl;BIL040;Auszubildende
21211;Berufsbildungsstatistik;STAG;Stichtag;2025-12-31;DLAND;Bundesländer;04;Bremen;GES;Geschlecht;GESW;weiblich;BILAG3;Schulabschluss;BILABS11;Ohne Ersten Schulabschluss;129;Anzahl;BIL040;Auszubildende
21211;Berufsbildungsstatistik;STAG;Stichtag;2025-12-31;DLAND;Bundesländer;01;Schleswig-Holstein;GES;Geschlecht;GESM;männlich;BILAG3;Schulabschluss;BILABS11;Ohne Ersten Schulabschluss;966;Anzahl;BIL040;Auszubildende
21211;Berufsbildungsstatistik;STAG;Stichtag;2025-12-31;DLAND;Bundesländer;16;Thüringen;GES;Geschlecht;GESW;weiblich;BILAG3;Schulabschluss;BILABS27;Hochschul- oder Fachhochschulreife;1764;Anzahl;BIL040;Auszubildende
21211;Berufsbildungsstatistik;STAG;Stichtag;2025-12-31;DLAND;Bundesländer;08;Baden-Württemberg;GES;Geschlecht;;Insgesamt;BILAG3;Schulabschluss;BILABS12;Erster Schulabschluss;34797;Anzahl;BIL040;Auszubildende
21211;Berufsbildungsstatistik;STAG;Stichtag;2025-12-31;DLAND;Bundesländer;05;Nordrhein-Westfalen;GES;Geschlecht;GESW;weiblich;BILAG3;Schulabschluss;;Insgesamt;89616;Anzahl;BIL040;Auszubildende
21211;Berufsbildungsstatistik;STAG;Stichtag;2025-12-31;DLAND;Bundesländer;07;Rheinland-Pfalz;GES;Geschlecht;;Insgesamt;BILAG3;Schulabschluss;BILABS11;Ohne Ersten Schulabschluss;1230;Anzahl;BIL040;Auszubildende
21211;Berufsbildungsstatistik;STAG;Stichtag;2025-12-31;DLAND;Bundesländer;02;Hamburg;GES;Geschlecht;GESW;weiblich;BILAG3;Schulabschluss;BILABS98;Im Ausland erworbener Abschluss (nicht zuordenbar);636;Anzahl;BIL040;Auszubildende
21211;Berufsbildungsstatistik;STAG;Stichtag;2025-12-31;DLAND;Bundesländer;15;Sachsen-Anhalt;GES;Geschlecht;GESW;weiblich;BILAG3;Schulabschluss;BILABS11;Ohne Ersten Schulabschluss;225;Anzahl;BIL040;Auszubildende
21211;Berufsbildungsstatistik;STAG;Stichtag;2025-12-31;DLAND;Bundesländer;05;Nordrhein-Westfalen;GES;Geschlecht;GESW;weiblich;BILAG3;Schulabschluss;BILABS27;Hochschul- oder Fachhochschulreife;43785;Anzahl;BIL040;Auszubildende
21211;Berufsbildungsstatistik;STAG;Stichtag;2025-12-31;DLAND;Bundesländer;08;Baden-Württemberg;GES;Geschlecht;GESM;männlich;BILAG3;Schulabschluss;BILABS26;Realschul- oder vergleichbarer Abschluss;53718;Anzahl;BIL040;Auszubildende
21211;Berufsbildungsstatistik;STAG;Stichtag;2025-12-31;DLAND;Bundesländer;04;Bremen;GES;Geschlecht;GESW;weiblich;BILAG3;Schulabschluss;;Insgesamt;4962;Anzahl;BIL040;Auszubildende
21211;Berufsbildungsstatistik;STAG;Stichtag;2025-12-31;DLAND;Bundesländer;02;Hamburg;GES;Geschlecht;;Insgesamt;BILAG3;Schulabschluss;BILABS98;Im Ausland erworbener Abschluss (nicht zuordenbar);1314;Anzahl;BIL040;Auszubildende
21211;Berufsbildungsstatistik;STAG;Stichtag;2025-12-31;DLAND;Bundesländer;13;Mecklenburg-Vorpommern;GES;Geschlecht;;Insgesamt;BILAG3;Schulabschluss;BILABS98;Im Ausland erworbener Abschluss (nicht zuordenbar);1116;Anzahl;BIL040;Auszubildende
21211;Berufsbildungsstatistik;STAG;Stichtag;2025-12-31;DLAND;Bundesländer;10;Saarland;GES;Geschlecht;;Insgesamt;BILAG3;Schulabschluss;BILABS11;Ohne Ersten Schulabschluss;519;Anzahl;BIL040;Auszubildende
21211;Berufsbildungsstatistik;STAG;Stichtag;2025-12-31;DLAND;Bundesländer;10;Saarland;GES;Geschlecht;;Insgesamt;BILAG3;Schulabschluss;;Insgesamt;13674;Anzahl;BIL040;Auszubildende
21211;Berufsbildungsstatistik;STAG;Stichtag;2025-12-31;DLAND;Bundesländer;10;Saarland;GES;Geschlecht;GESM;männlich;BILAG3;Schulabschluss;BILABS98;Im Ausland erworbener Abschluss (nicht zuordenbar);213;Anzahl;BIL040;Auszubildende
21211;Berufsbildungsstatistik;STAG;Stichtag;2025-12-31;DLAND;Bundesländer;02;Hamburg;GES;Geschlecht;GESM;männlich;BILAG3;Schulabschluss;BILABS27;Hochschul- oder Fachhochschulreife;6663;Anzahl;BIL040;Auszubildende
21211;Berufsbildungsstatistik;STAG;Stichtag;2025-12-31;DLAND;Bundesländer;11;Berlin;GES;Geschlecht;;Insgesamt;BILAG3;Schulabschluss;BILABS12;Erster Schulabschluss;5688;Anzahl;BIL040;Auszubildende
21211;Berufsbildungsstatistik;STAG;Stichtag;2025-12-31;DLAND;Bundesländer;06;Hessen;GES;Geschlecht;GESM;männlich;BILAG3;Schulabschluss;;Insgesamt;56526;Anzahl;BIL040;Auszubildende
21211;Berufsbildungsstatistik;STAG;Stichtag;2025-12-31;DLAND;Bundesländer;12;Brandenburg;GES;Geschlecht;GESM;männlich;BILAG3;Schulabschluss;BILABS11;Ohne Ersten Schulabschluss;708;Anzahl;BIL040;Auszubildende
21211;Berufsbildungsstatistik;STAG;Stichtag;2025-12-31;DLAND;Bundesländer;02;Hamburg;GES;Geschlecht;GESW;weiblich;BILAG3;Schulabschluss;BILABS26;Realschul- oder vergleichbarer Abschluss;3084;Anzahl;BIL040;Auszubildende
21211;Berufsbildungsstatistik;STAG;Stichtag;2025-12-31;DLAND;Bundesländer;13;Mecklenburg-Vorpommern;GES;Geschlecht;;Insgesamt;BILAG3;Schulabschluss;BILABS26;Realschul- oder vergleichbarer Abschluss;10986;Anzahl;BIL040;Auszubildende
21211;Berufsbildungsstatistik;STAG;Stichtag;2025-12-31;DLAND;Bundesländer;15;Sachsen-Anhalt;GES;Geschlecht;GESM;männlich;BILAG3;Schulabschluss;;Insgesamt;18255;Anzahl;BIL040;Auszubildende
21211;Berufsbildungsstatistik;STAG;Stichtag;2025-12-31;DLAND;Bundesländer;10;Saarland;GES;Geschlecht;GESM;männlich;BILAG3;Schulabschluss;BILABS26;Realschul- oder vergleichbarer Abschluss;3147;Anzahl;BIL040;Auszubildende
21211;Berufsbildungsstatistik;STAG;Stichtag;2025-12-31;DLAND;Bundesländer;01;Schleswig-Holstein;GES;Geschlecht;GESW;weiblich;BILAG3;Schulabschluss;BILABS98;Im Ausland erworbener Abschluss (nicht zuordenbar);789;Anzahl;BIL040;Auszubildende
21211;Berufsbildungsstatistik;STAG;Stichtag;2025-12-31;DLAND;Bundesländer;04;Bremen;GES;Geschlecht;GESM;männlich;BILAG3;Schulabschluss;BILABS12;Erster Schulabschluss;1797;Anzahl;BIL040;Auszubildende
21211;Berufsbildungsstatistik;STAG;Stichtag;2025-12-31;DLAND;Bundesländer;03;Niedersachsen;GES;Geschlecht;GESM;männlich;BILAG3;Schulabschluss;;Insgesamt;81699;Anzahl;BIL040;Auszubildende
21211;Berufsbildungsstatistik;STAG;Stichtag;2025-12-31;DLAND;Bundesländer;04;Bremen;GES;Geschlecht;;Insgesamt;BILAG3;Schulabschluss;BILABS27;Hochschul- oder Fachhochschulreife;4584;Anzahl;BIL040;Auszubildende
21211;Berufsbildungsstatistik;STAG;Stichtag;2025-12-31;DLAND;Bundesländer;03;Niedersachsen;GES;Geschlecht;;Insgesamt;BILAG3;Schulabschluss;BILABS26;Realschul- oder vergleichbarer Abschluss;59733;Anzahl;BIL040;Auszubildende
21211;Berufsbildungsstatistik;STAG;Stichtag;2025-12-31;DLAND;Bundesländer;14;Sachsen;GES;Geschlecht;;Insgesamt;BILAG3;Schulabschluss;BILABS27;Hochschul- oder Fachhochschulreife;9891;Anzahl;BIL040;Auszubildende
21211;Berufsbildungsstatistik;STAG;Stichtag;2025-12-31;DLAND;Bundesländer;03;Niedersachsen;GES;Geschlecht;GESW;weiblich;BILAG3;Schulabschluss;BILABS11;Ohne Ersten Schulabschluss;675;Anzahl;BIL040;Auszubildende
21211;Berufsbildungsstatistik;STAG;Stichtag;2025-12-31;DLAND;Bundesländer;08;Baden-Württemberg;GES;Geschlecht;GESM;männlich;BILAG3;Schulabschluss;BILABS98;Im Ausland erworbener Abschluss (nicht zuordenbar);3978;Anzahl;BIL040;Auszubildende
21211;Berufsbildungsstatistik;STAG;Stichtag;2025-12-31;DLAND;Bundesländer;09;Bayern;GES;Geschlecht;GESM;männlich;BILAG3;Schulabschluss;BILABS26;Realschul- oder vergleichbarer Abschluss;63915;Anzahl;BIL040;Auszubildende
21211;Berufsbildungsstatistik;STAG;Stichtag;2025-12-31;DLAND;Bundesländer;07;Rheinland-Pfalz;GES;Geschlecht;GESM;männlich;BILAG3;Schulabschluss;;Insgesamt;38025;Anzahl;BIL040;Auszubildende
21211;Berufsbildungsstatistik;STAG;Stichtag;2025-12-31;DLAND;Bundesländer;13;Mecklenburg-Vorpommern;GES;Geschlecht;GESW;weiblich;BILAG3;Schulabschluss;BILABS98;Im Ausland erworbener Abschluss (nicht zuordenbar);507;Anzahl;BIL040;Auszubildende
21211;Berufsbildungsstatistik;STAG;Stichtag;2025-12-31;DLAND;Bundesländer;03;Niedersachsen;GES;Geschlecht;GESM;männlich;BILAG3;Schulabschluss;BILABS27;Hochschul- oder Fachhochschulreife;19089;Anzahl;BIL040;Auszubildende
21211;Berufsbildungsstatistik;STAG;Stichtag;2025-12-31;DLAND;Bundesländer;13;Mecklenburg-Vorpommern;GES;Geschlecht;GESM;männlich;BILAG3;Schulabschluss;BILABS12;Erster Schulabschluss;2691;Anzahl;BIL040;Auszubildende
21211;Berufsbildungsstatistik;STAG;Stichtag;2025-12-31;DLAND;Bundesländer;16;Thüringen;GES;Geschlecht;GESM;männlich;BILAG3;Schulabschluss;;Insgesamt;18327;Anzahl;BIL040;Auszubildende
21211;Berufsbildungsstatistik;STAG;Stichtag;2025-12-31;DLAND;Bundesländer;04;Bremen;GES;Geschlecht;GESW;weiblich;BILAG3;Schulabschluss;BILABS12;Erster Schulabschluss;813;Anzahl;BIL040;Auszubildende
21211;Berufsbildungsstatistik;STAG;Stichtag;2025-12-31;DLAND;Bundesländer;05;Nordrhein-Westfalen;GES;Geschlecht;GESM;männlich;BILAG3;Schulabschluss;BILABS98;Im Ausland erworbener Abschluss (nicht zuordenbar);4185;Anzahl;BIL040;Auszubildende
21211;Berufsbildungsstatistik;STAG;Stichtag;2025-12-31;DLAND;Bundesländer;01;Schleswig-Holstein;GES;Geschlecht;GESM;männlich;BILAG3;Schulabschluss;BILABS12;Erster Schulabschluss;7818;Anzahl;BIL040;Auszubildende
21211;Berufsbildungsstatistik;STAG;Stichtag;2025-12-31;DLAND;Bundesländer;11;Berlin;GES;Geschlecht;GESM;männlich;BILAG3;Schulabschluss;BILABS27;Hochschul- oder Fachhochschulreife;6879;Anzahl;BIL040;Auszubildende
21211;Berufsbildungsstatistik;STAG;Stichtag;2025-12-31;DLAND;Bundesländer;16;Thüringen;GES;Geschlecht;GESW;weiblich;BILAG3;Schulabschluss;BILABS26;Realschul- oder vergleichbarer Abschluss;4695;Anzahl;BIL040;Auszubildende
21211;Berufsbildungsstatistik;STAG;Stichtag;2025-12-31;DLAND;Bundesländer;16;Thüringen;GES;Geschlecht;GESM;männlich;BILAG3;Schulabschluss;BILABS12;Erster Schulabschluss;3960;Anzahl;BIL040;Auszubildende
21211;Berufsbildungsstatistik;STAG;Stichtag;2025-12-31;DLAND;Bundesländer;15;Sachsen-Anhalt;GES;Geschlecht;GESW;weiblich;BILAG3;Schulabschluss;BILABS12;Erster Schulabschluss;1011;Anzahl;BIL040;Auszubildende
21211;Berufsbildungsstatistik;STAG;Stichtag;2025-12-31;DLAND;Bundesländer;08;Baden-Württemberg;GES;Geschlecht;GESW;weiblich;BILAG3;Schulabschluss;BILABS98;Im Ausland erworbener Abschluss (nicht zuordenbar);3060;Anzahl;BIL040;Auszubildende
21211;Berufsbildungsstatistik;STAG;Stichtag;2025-12-31;DLAND;Bundesländer;09;Bayern;GES;Geschlecht;;Insgesamt;BILAG3;Schulabschluss;BILABS12;Erster Schulabschluss;62892;Anzahl;BIL040;Auszubildende
21211;Berufsbildungsstatistik;STAG;Stichtag;2025-12-31;DLAND;Bundesländer;08;Baden-Württemberg;GES;Geschlecht;;Insgesamt;BILAG3;Schulabschluss;BILABS11;Ohne Ersten Schulabschluss;3846;Anzahl;BIL040;Auszubildende
21211;Berufsbildungsstatistik;STAG;Stichtag;2025-12-31;DLAND;Bundesländer;07;Rheinland-Pfalz;GES;Geschlecht;GESM;männlich;BILAG3;Schulabschluss;BILABS11;Ohne Ersten Schulabschluss;912;Anzahl;BIL040;Auszubildende
21211;Berufsbildungsstatistik;STAG;Stichtag;2025-12-31;DLAND;Bundesländer;05;Nordrhein-Westfalen;GES;Geschlecht;GESW;weiblich;BILAG3;Schulabschluss;BILABS26;Realschul- oder vergleichbarer Abschluss;30165;Anzahl;BIL040;Auszubildende
21211;Berufsbildungsstatistik;STAG;Stichtag;2025-12-31;DLAND;Bundesländer;16;Thüringen;GES;Geschlecht;GESW;weiblich;BILAG3;Schulabschluss;BILABS98;Im Ausland erworbener Abschluss (nicht zuordenbar);468;Anzahl;BIL040;Auszubildende
21211;Berufsbildungsstatistik;STAG;Stichtag;2025-12-31;DLAND;Bundesländer;03;Niedersachsen;GES;Geschlecht;;Insgesamt;BILAG3;Schulabschluss;BILABS98;Im Ausland erworbener Abschluss (nicht zuordenbar);4365;Anzahl;BIL040;Auszubildende
21211;Berufsbildungsstatistik;STAG;Stichtag;2025-12-31;DLAND;Bundesländer;14;Sachsen;GES;Geschlecht;;Insgesamt;BILAG3;Schulabschluss;BILABS98;Im Ausland erworbener Abschluss (nicht zuordenbar);1665;Anzahl;BIL040;Auszubildende
21211;Berufsbildungsstatistik;STAG;Stichtag;2025-12-31;DLAND;Bundesländer;02;Hamburg;GES;Geschlecht;GESM;männlich;BILAG3;Schulabschluss;BILABS26;Realschul- oder vergleichbarer Abschluss;6012;Anzahl;BIL040;Auszubildende
21211;Berufsbildungsstatistik;STAG;Stichtag;2025-12-31;DLAND;Bundesländer;01;Schleswig-Holstein;GES;Geschlecht;;Insgesamt;BILAG3;Schulabschluss;BILABS12;Erster Schulabschluss;10773;Anzahl;BIL040;Auszubildende
21211;Berufsbildungsstatistik;STAG;Stichtag;2025-12-31;DLAND;Bundesländer;11;Berlin;GES;Geschlecht;;Insgesamt;BILAG3;Schulabschluss;BILABS11;Ohne Ersten Schulabschluss;1377;Anzahl;BIL040;Auszubildende
21211;Berufsbildungsstatistik;STAG;Stichtag;2025-12-31;DLAND;Bundesländer;12;Brandenburg;GES;Geschlecht;GESW;weiblich;BILAG3;Schulabschluss;BILABS12;Erster Schulabschluss;1332;Anzahl;BIL040;Auszubildende
21211;Berufsbildungsstatistik;STAG;Stichtag;2025-12-31;DLAND;Bundesländer;12;Brandenburg;GES;Geschlecht;;Insgesamt;BILAG3;Schulabschluss;BILABS12;Erster Schulabschluss;5634;Anzahl;BIL040;Auszubildende
21211;Berufsbildungsstatistik;STAG;Stichtag;2025-12-31;DLAND;Bundesländer;13;Mecklenburg-Vorpommern;GES;Geschlecht;GESW;weiblich;BILAG3;Schulabschluss;;Insgesamt;6987;Anzahl;BIL040;Auszubildende
21211;Berufsbildungsstatistik;STAG;Stichtag;2025-12-31;DLAND;Bundesländer;13;Mecklenburg-Vorpommern;GES;Geschlecht;GESW;weiblich;BILAG3;Schulabschluss;BILABS26;Realschul- oder vergleichbarer Abschluss;3531;Anzahl;BIL040;Auszubildende
21211;Berufsbildungsstatistik;STAG;Stichtag;2025-12-31;DLAND;Bundesländer;02;Hamburg;GES;Geschlecht;GESM;männlich;BILAG3;Schulabschluss;BILABS98;Im Ausland erworbener Abschluss (nicht zuordenbar);681;Anzahl;BIL040;Auszubildende
21211;Berufsbildungsstatistik;STAG;Stichtag;2025-12-31;DLAND;Bundesländer;08;Baden-Württemberg;GES;Geschlecht;GESW;weiblich;BILAG3;Schulabschluss;BILABS26;Realschul- oder vergleichbarer Abschluss;29001;Anzahl;BIL040;Auszubildende
21211;Berufsbildungsstatistik;STAG;Stichtag;2025-12-31;DLAND;Bundesländer;02;Hamburg;GES;Geschlecht;GESW;weiblich;BILAG3;Schulabschluss;BILABS27;Hochschul- oder Fachhochschulreife;4653;Anzahl;BIL040;Auszubildende
21211;Berufsbildungsstatistik;STAG;Stichtag;2025-12-31;DLAND;Bundesländer;07;Rheinland-Pfalz;GES;Geschlecht;GESW;weiblich;BILAG3;Schulabschluss;BILABS12;Erster Schulabschluss;3606;Anzahl;BIL040;Auszubildende
21211;Berufsbildungsstatistik;STAG;Stichtag;2025-12-31;DLAND;Bundesländer;04;Bremen;GES;Geschlecht;GESM;männlich;BILAG3;Schulabschluss;BILABS11;Ohne Ersten Schulabschluss;216;Anzahl;BIL040;Auszubildende
21211;Berufsbildungsstatistik;STAG;Stichtag;2025-12-31;DLAND;Bundesländer;05;Nordrhein-Westfalen;GES;Geschlecht;;Insgesamt;BILAG3;Schulabschluss;BILABS27;Hochschul- oder Fachhochschulreife;110106;Anzahl;BIL040;Auszubildende
21211;Berufsbildungsstatistik;STAG;Stichtag;2025-12-31;DLAND;Bundesländer;14;Sachsen;GES;Geschlecht;;Insgesamt;BILAG3;Schulabschluss;BILABS26;Realschul- oder vergleichbarer Abschluss;31203;Anzahl;BIL040;Auszubildende
21211;Berufsbildungsstatistik;STAG;Stichtag;2025-12-31;DLAND;Bundesländer;09;Bayern;GES;Geschlecht;GESM;männlich;BILAG3;Schulabschluss;BILABS27;Hochschul- oder Fachhochschulreife;17970;Anzahl;BIL040;Auszubildende
21211;Berufsbildungsstatistik;STAG;Stichtag;2025-12-31;DLAND;Bundesländer;15;Sachsen-Anhalt;GES;Geschlecht;;Insgesamt;BILAG3;Schulabschluss;BILABS27;Hochschul- oder Fachhochschulreife;4920;Anzahl;BIL040;Auszubildende
21211;Berufsbildungsstatistik;STAG;Stichtag;2025-12-31;DLAND;Bundesländer;04;Bremen;GES;Geschlecht;;Insgesamt;BILAG3;Schulabschluss;BILABS26;Realschul- oder vergleichbarer Abschluss;5265;Anzahl;BIL040;Auszubildende
21211;Berufsbildungsstatistik;STAG;Stichtag;2025-12-31;DLAND;Bundesländer;01;Schleswig-Holstein;GES;Geschlecht;GESW;weiblich;BILAG3;Schulabschluss;;Insgesamt;14664;Anzahl;BIL040;Auszubildende
21211;Berufsbildungsstatistik;STAG;Stichtag;2025-12-31;DLAND;Bundesländer;10;Saarland;GES;Geschlecht;GESW;weiblich;BILAG3;Schulabschluss;BILABS27;Hochschul- oder Fachhochschulreife;1716;Anzahl;BIL040;Auszubildende
21211;Berufsbildungsstatistik;STAG;Stichtag;2025-12-31;DLAND;Bundesländer;14;Sachsen;GES;Geschlecht;GESM;männlich;BILAG3;Schulabschluss;BILABS27;Hochschul- oder Fachhochschulreife;5769;Anzahl;BIL040;Auszubildende
21211;Berufsbildungsstatistik;STAG;Stichtag;2025-12-31;DLAND;Bundesländer;02;Hamburg;GES;Geschlecht;GESW;weiblich;BILAG3;Schulabschluss;BILABS12;Erster Schulabschluss;2055;Anzahl;BIL040;Auszubildende
21211;Berufsbildungsstatistik;STAG;Stichtag;2025-12-31;DLAND;Bundesländer;09;Bayern;GES;Geschlecht;GESW;weiblich;BILAG3;Schulabschluss;BILABS27;Hochschul- oder Fachhochschulreife;13029;Anzahl;BIL040;Auszubildende
21211;Berufsbildungsstatistik;STAG;Stichtag;2025-12-31;DLAND;Bundesländer;07;Rheinland-Pfalz;GES;Geschlecht;GESW;weiblich;BILAG3;Schulabschluss;BILABS26;Realschul- oder vergleichbarer Abschluss;8427;Anzahl;BIL040;Auszubildende
21211;Berufsbildungsstatistik;STAG;Stichtag;2025-12-31;DLAND;Bundesländer;16;Thüringen;GES;Geschlecht;GESM;männlich;BILAG3;Schulabschluss;BILABS11;Ohne Ersten Schulabschluss;600;Anzahl;BIL040;Auszubildende
21211;Berufsbildungsstatistik;STAG;Stichtag;2025-12-31;DLAND;Bundesländer;16;Thüringen;GES;Geschlecht;;Insgesamt;BILAG3;Schulabschluss;BILABS11;Ohne Ersten Schulabschluss;858;Anzahl;BIL040;Auszubildende
21211;Berufsbildungsstatistik;STAG;Stichtag;2025-12-31;DLAND;Bundesländer;06;Hessen;GES;Geschlecht;;Insgesamt;BILAG3;Schulabschluss;BILABS12;Erster Schulabschluss;19548;Anzahl;BIL040;Auszubildende
21211;Berufsbildungsstatistik;STAG;Stichtag;2025-12-31;DLAND;Bundesländer;05;Nordrhein-Westfalen;GES;Geschlecht;;Insgesamt;BILAG3;Schulabschluss;BILABS11;Ohne Ersten Schulabschluss;6549;Anzahl;BIL040;Auszubildende
21211;Berufsbildungsstatistik;STAG;Stichtag;2025-12-31;DLAND;Bundesländer;11;Berlin;GES;Geschlecht;GESW;weiblich;BILAG3;Schulabschluss;;Insgesamt;13686;Anzahl;BIL040;Auszubildende
21211;Berufsbildungsstatistik;STAG;Stichtag;2025-12-31;DLAND;Bundesländer;06;Hessen;GES;Geschlecht;GESW;weiblich;BILAG3;Schulabschluss;BILABS98;Im Ausland erworbener Abschluss (nicht zuordenbar);1047;Anzahl;BIL040;Auszubildende
21211;Berufsbildungsstatistik;STAG;Stichtag;2025-12-31;DLAND;Bundesländer;05;Nordrhein-Westfalen;GES;Geschlecht;GESM;männlich;BILAG3;Schulabschluss;BILABS11;Ohne Ersten Schulabschluss;4941;Anzahl;BIL040;Auszubildende
21211;Berufsbildungsstatistik;STAG;Stichtag;2025-12-31;DLAND;Bundesländer;07;Rheinland-Pfalz;GES;Geschlecht;GESM;männlich;BILAG3;Schulabschluss;BILABS12;Erster Schulabschluss;9909;Anzahl;BIL040;Auszubildende
21211;Berufsbildungsstatistik;STAG;Stichtag;2025-12-31;DLAND;Bundesländer;10;Saarland;GES;Geschlecht;GESM;männlich;BILAG3;Schulabschluss;;Insgesamt;9132;Anzahl;BIL040;Auszubildende
21211;Berufsbildungsstatistik;STAG;Stichtag;2025-12-31;DLAND;Bundesländer;11;Berlin;GES;Geschlecht;;Insgesamt;BILAG3;Schulabschluss;BILABS98;Im Ausland erworbener Abschluss (nicht zuordenbar);1419;Anzahl;BIL040;Auszubildende
21211;Berufsbildungsstatistik;STAG;Stichtag;2025-12-31;DLAND;Bundesländer;12;Brandenburg;GES;Geschlecht;GESW;weiblich;BILAG3;Schulabschluss;BILABS11;Ohne Ersten Schulabschluss;288;Anzahl;BIL040;Auszubildende
21211;Berufsbildungsstatistik;STAG;Stichtag;2025-12-31;DLAND;Bundesländer;15;Sachsen-Anhalt;GES;Geschlecht;;Insgesamt;BILAG3;Schulabschluss;;Insgesamt;26496;Anzahl;BIL040;Auszubildende
21211;Berufsbildungsstatistik;STAG;Stichtag;2025-12-31;DLAND;Bundesländer;01;Schleswig-Holstein;GES;Geschlecht;GESW;weiblich;BILAG3;Schulabschluss;BILABS12;Erster Schulabschluss;2955;Anzahl;BIL040;Auszubildende
21211;Berufsbildungsstatistik;STAG;Stichtag;2025-12-31;DLAND;Bundesländer;06;Hessen;GES;Geschlecht;GESW;weiblich;BILAG3;Schulabschluss;BILABS26;Realschul- oder vergleichbarer Abschluss;13428;Anzahl;BIL040;Auszubildende
21211;Berufsbildungsstatistik;STAG;Stichtag;2025-12-31;DLAND;Bundesländer;08;Baden-Württemberg;GES;Geschlecht;GESW;weiblich;BILAG3;Schulabschluss;BILABS27;Hochschul- oder Fachhochschulreife;18786;Anzahl;BIL040;Auszubildende
21211;Berufsbildungsstatistik;STAG;Stichtag;2025-12-31;DLAND;Bundesländer;11;Berlin;GES;Geschlecht;;Insgesamt;BILAG3;Schulabschluss;BILABS26;Realschul- oder vergleichbarer Abschluss;15087;Anzahl;BIL040;Auszubildende
21211;Berufsbildungsstatistik;STAG;Stichtag;2025-12-31;DLAND;Bundesländer;15;Sachsen-Anhalt;GES;Geschlecht;GESM;männlich;BILAG3;Schulabschluss;BILABS11;Ohne Ersten Schulabschluss;549;Anzahl;BIL040;Auszubildende
21211;Berufsbildungsstatistik;STAG;Stichtag;2025-12-31;DLAND;Bundesländer;09;Bayern;GES;Geschlecht;;Insgesamt;BILAG3;Schulabschluss;BILABS26;Realschul- oder vergleichbarer Abschluss;102375;Anzahl;BIL040;Auszubildende
21211;Berufsbildungsstatistik;STAG;Stichtag;2025-12-31;DLAND;Bundesländer;12;Brandenburg;GES;Geschlecht;;Insgesamt;BILAG3;Schulabschluss;BILABS27;Hochschul- oder Fachhochschulreife;7560;Anzahl;BIL040;Auszubildende
21211;Berufsbildungsstatistik;STAG;Stichtag;2025-12-31;DLAND;Bundesländer;12;Brandenburg;GES;Geschlecht;GESM;männlich;BILAG3;Schulabschluss;;Insgesamt;18972;Anzahl;BIL040;Auszubildende
21211;Berufsbildungsstatistik;STAG;Stichtag;2025-12-31;DLAND;Bundesländer;14;Sachsen;GES;Geschlecht;GESW;weiblich;BILAG3;Schulabschluss;BILABS12;Erster Schulabschluss;2406;Anzahl;BIL040;Auszubildende
21211;Berufsbildungsstatistik;STAG;Stichtag;2025-12-31;DLAND;Bundesländer;05;Nordrhein-Westfalen;GES;Geschlecht;GESW;weiblich;BILAG3;Schulabschluss;BILABS98;Im Ausland erworbener Abschluss (nicht zuordenbar);2955;Anzahl;BIL040;Auszubildende
21211;Berufsbildungsstatistik;STAG;Stichtag;2025-12-31;DLAND;Bundesländer;01;Schleswig-Holstein;GES;Geschlecht;;Insgesamt;BILAG3;Schulabschluss;BILABS26;Realschul- oder vergleichbarer Abschluss;15792;Anzahl;BIL040;Auszubildende
21211;Berufsbildungsstatistik;STAG;Stichtag;2025-12-31;DLAND;Bundesländer;06;Hessen;GES;Geschlecht;GESM;männlich;BILAG3;Schulabschluss;BILABS11;Ohne Ersten Schulabschluss;1734;Anzahl;BIL040;Auszubildende
21211;Berufsbildungsstatistik;STAG;Stichtag;2025-12-31;DLAND;Bundesländer;08;Baden-Württemberg;GES;Geschlecht;GESM;männlich;BILAG3;Schulabschluss;BILABS12;Erster Schulabschluss;24861;Anzahl;BIL040;Auszubildende
21211;Berufsbildungsstatistik;STAG;Stichtag;2025-12-31;DLAND;Bundesländer;02;Hamburg;GES;Geschlecht;;Insgesamt;BILAG3;Schulabschluss;BILABS27;Hochschul- oder Fachhochschulreife;11316;Anzahl;BIL040;Auszubildende
21211;Berufsbildungsstatistik;STAG;Stichtag;2025-12-31;DLAND;Bundesländer;02;Hamburg;GES;Geschlecht;;Insgesamt;BILAG3;Schulabschluss;;Insgesamt;28632;Anzahl;BIL040;Auszubildende
21211;Berufsbildungsstatistik;STAG;Stichtag;2025-12-31;DLAND;Bundesländer;08;Baden-Württemberg;GES;Geschlecht;GESW;weiblich;BILAG3;Schulabschluss;;Insgesamt;61869;Anzahl;BIL040;Auszubildende
21211;Berufsbildungsstatistik;STAG;Stichtag;2025-12-31;DLAND;Bundesländer;08;Baden-Württemberg;GES;Geschlecht;;Insgesamt;BILAG3;Schulabschluss;BILABS98;Im Ausland erworbener Abschluss (nicht zuordenbar);7038;Anzahl;BIL040;Auszubildende
21211;Berufsbildungsstatistik;STAG;Stichtag;2025-12-31;DLAND;Bundesländer;11;Berlin;GES;Geschlecht;GESW;weiblich;BILAG3;Schulabschluss;BILABS11;Ohne Ersten Schulabschluss;399;Anzahl;BIL040;Auszubildende
21211;Berufsbildungsstatistik;STAG;Stichtag;2025-12-31;DLAND;Bundesländer;13;Mecklenburg-Vorpommern;GES;Geschlecht;GESW;weiblich;BILAG3;Schulabschluss;BILABS12;Erster Schulabschluss;1002;Anzahl;BIL040;Auszubildende
21211;Berufsbildungsstatistik;STAG;Stichtag;2025-12-31;DLAND;Bundesländer;09;Bayern;GES;Geschlecht;GESW;weiblich;BILAG3;Schulabschluss;BILABS26;Realschul- oder vergleichbarer Abschluss;38457;Anzahl;BIL040;Auszubildende
21211;Berufsbildungsstatistik;STAG;Stichtag;2025-12-31;DLAND;Bundesländer;09;Bayern;GES;Geschlecht;GESM;männlich;BILAG3;Schulabschluss;BILABS98;Im Ausland erworbener Abschluss (nicht zuordenbar);6543;Anzahl;BIL040;Auszubildende
21211;Berufsbildungsstatistik;STAG;Stichtag;2025-12-31;DLAND;Bundesländer;03;Niedersachsen;GES;Geschlecht;GESM;männlich;BILAG3;Schulabschluss;BILABS11;Ohne Ersten Schulabschluss;2565;Anzahl;BIL040;Auszubildende
21211;Berufsbildungsstatistik;STAG;Stichtag;2025-12-31;DLAND;Bundesländer;07;Rheinland-Pfalz;GES;Geschlecht;;Insgesamt;BILAG3;Schulabschluss;BILABS12;Erster Schulabschluss;13515;Anzahl;BIL040;Auszubildende
21211;Berufsbildungsstatistik;STAG;Stichtag;2025-12-31;DLAND;Bundesländer;05;Nordrhein-Westfalen;GES;Geschlecht;GESM;männlich;BILAG3;Schulabschluss;BILABS12;Erster Schulabschluss;32346;Anzahl;BIL040;Auszubildende
21211;Berufsbildungsstatistik;STAG;Stichtag;2025-12-31;DLAND;Bundesländer;04;Bremen;GES;Geschlecht;GESW;weiblich;BILAG3;Schulabschluss;BILABS98;Im Ausland erworbener Abschluss (nicht zuordenbar);159;Anzahl;BIL040;Auszubildende
21211;Berufsbildungsstatistik;STAG;Stichtag;2025-12-31;DLAND;Bundesländer;06;Hessen;GES;Geschlecht;;Insgesamt;BILAG3;Schulabschluss;BILABS11;Ohne Ersten Schulabschluss;2406;Anzahl;BIL040;Auszubildende
21211;Berufsbildungsstatistik;STAG;Stichtag;2025-12-31;DLAND;Bundesländer;01;Schleswig-Holstein;GES;Geschlecht;;Insgesamt;BILAG3;Schulabschluss;BILABS98;Im Ausland erworbener Abschluss (nicht zuordenbar);1788;Anzahl;BIL040;Auszubildende
21211;Berufsbildungsstatistik;STAG;Stichtag;2025-12-31;DLAND;Bundesländer;12;Brandenburg;GES;Geschlecht;;Insgesamt;BILAG3;Schulabschluss;BILABS98;Im Ausland erworbener Abschluss (nicht zuordenbar);594;Anzahl;BIL040;Auszubildende
21211;Berufsbildungsstatistik;STAG;Stichtag;2025-12-31;DLAND;Bundesländer;10;Saarland;GES;Geschlecht;;Insgesamt;BILAG3;Schulabschluss;BILABS12;Erster Schulabschluss;3741;Anzahl;BIL040;Auszubildende
21211;Berufsbildungsstatistik;STAG;Stichtag;2025-12-31;DLAND;Bundesländer;04;Bremen;GES;Geschlecht;GESW;weiblich;BILAG3;Schulabschluss;BILABS26;Realschul- oder vergleichbarer Abschluss;1917;Anzahl;BIL040;Auszubildende
21211;Berufsbildungsstatistik;STAG;Stichtag;2025-12-31;DLAND;Bundesländer;01;Schleswig-Holstein;GES;Geschlecht;GESW;weiblich;BILAG3;Schulabschluss;BILABS11;Ohne Ersten Schulabschluss;330;Anzahl;BIL040;Auszubildende
21211;Berufsbildungsstatistik;STAG;Stichtag;2025-12-31;DLAND;Bundesländer;15;Sachsen-Anhalt;GES;Geschlecht;GESM;männlich;BILAG3;Schulabschluss;BILABS12;Erster Schulabschluss;3123;Anzahl;BIL040;Auszubildende
21211;Berufsbildungsstatistik;STAG;Stichtag;2025-12-31;DLAND;Bundesländer;08;Baden-Württemberg;GES;Geschlecht;GESM;männlich;BILAG3;Schulabschluss;BILABS11;Ohne Ersten Schulabschluss;2757;Anzahl;BIL040;Auszubildende
21211;Berufsbildungsstatistik;STAG;Stichtag;2025-12-31;DLAND;Bundesländer;13;Mecklenburg-Vorpommern;GES;Geschlecht;;Insgesamt;BILAG3;Schulabschluss;BILABS27;Hochschul- oder Fachhochschulreife;4323;Anzahl;BIL040;Auszubildende
21211;Berufsbildungsstatistik;STAG;Stichtag;2025-12-31;DLAND;Bundesländer;12;Brandenburg;GES;Geschlecht;;Insgesamt;BILAG3;Schulabschluss;BILABS26;Realschul- oder vergleichbarer Abschluss;12702;Anzahl;BIL040;Auszubildende
21211;Berufsbildungsstatistik;STAG;Stichtag;2025-12-31;DLAND;Bundesländer;10;Saarland;GES;Geschlecht;GESM;männlich;BILAG3;Schulabschluss;BILABS27;Hochschul- oder Fachhochschulreife;2604;Anzahl;BIL040;Auszubildende
21211;Berufsbildungsstatistik;STAG;Stichtag;2025-12-31;DLAND;Bundesländer;16;Thüringen;GES;Geschlecht;GESW;weiblich;BILAG3;Schulabschluss;BILABS12;Erster Schulabschluss;1341;Anzahl;BIL040;Auszubildende
21211;Berufsbildungsstatistik;STAG;Stichtag;2025-12-31;DLAND;Bundesländer;14;Sachsen;GES;Geschlecht;GESW;weiblich;BILAG3;Schulabschluss;BILABS11;Ohne Ersten Schulabschluss;300;Anzahl;BIL040;Auszubildende
21211;Berufsbildungsstatistik;STAG;Stichtag;2025-12-31;DLAND;Bundesländer;07;Rheinland-Pfalz;GES;Geschlecht;GESW;weiblich;BILAG3;Schulabschluss;BILABS98;Im Ausland erworbener Abschluss (nicht zuordenbar);666;Anzahl;BIL040;Auszubildende
21211;Berufsbildungsstatistik;STAG;Stichtag;2025-12-31;DLAND;Bundesländer;02;Hamburg;GES;Geschlecht;;Insgesamt;BILAG3;Schulabschluss;BILABS26;Realschul- oder vergleichbarer Abschluss;9096;Anzahl;BIL040;Auszubildende
21211;Berufsbildungsstatistik;STAG;Stichtag;2025-12-31;DLAND;Bundesländer;03;Niedersachsen;GES;Geschlecht;;Insgesamt;BILAG3;Schulabschluss;BILABS27;Hochschul- oder Fachhochschulreife;33738;Anzahl;BIL040;Auszubildende
21211;Berufsbildungsstatistik;STAG;Stichtag;2025-12-31;DLAND;Bundesländer;09;Bayern;GES;Geschlecht;GESM;männlich;BILAG3;Schulabschluss;;Insgesamt;137418;Anzahl;BIL040;Auszubildende
21211;Berufsbildungsstatistik;STAG;Stichtag;2025-12-31;DLAND;Bundesländer;04;Bremen;GES;Geschlecht;GESM;männlich;BILAG3;Schulabschluss;;Insgesamt;8232;Anzahl;BIL040;Auszubildende
21211;Berufsbildungsstatistik;STAG;Stichtag;2025-12-31;DLAND;Bundesländer;06;Hessen;GES;Geschlecht;GESW;weiblich;BILAG3;Schulabschluss;BILABS27;Hochschul- oder Fachhochschulreife;9849;Anzahl;BIL040;Auszubildende
21211;Berufsbildungsstatistik;STAG;Stichtag;2025-12-31;DLAND;Bundesländer;03;Niedersachsen;GES;Geschlecht;GESW;weiblich;BILAG3;Schulabschluss;BILABS12;Erster Schulabschluss;6486;Anzahl;BIL040;Auszubildende
21211;Berufsbildungsstatistik;STAG;Stichtag;2025-12-31;DLAND;Bundesländer;12;Brandenburg;GES;Geschlecht;;Insgesamt;BILAG3;Schulabschluss;;Insgesamt;27483;Anzahl;BIL040;Auszubildende
21211;Berufsbildungsstatistik;STAG;Stichtag;2025-12-31;DLAND;Bundesländer;15;Sachsen-Anhalt;GES;Geschlecht;GESW;weiblich;BILAG3;Schulabschluss;BILABS98;Im Ausland erworbener Abschluss (nicht zuordenbar);390;Anzahl;BIL040;Auszubildende
21211;Berufsbildungsstatistik;STAG;Stichtag;2025-12-31;DLAND;Bundesländer;09;Bayern;GES;Geschlecht;;Insgesamt;BILAG3;Schulabschluss;BILABS98;Im Ausland erworbener Abschluss (nicht zuordenbar);11484;Anzahl;BIL040;Auszubildende
21211;Berufsbildungsstatistik;STAG;Stichtag;2025-12-31;DLAND;Bundesländer;11;Berlin;GES;Geschlecht;GESW;weiblich;BILAG3;Schulabschluss;BILABS12;Erster Schulabschluss;1824;Anzahl;BIL040;Auszubildende
21211;Berufsbildungsstatistik;STAG;Stichtag;2025-12-31;DLAND;Bundesländer;13;Mecklenburg-Vorpommern;GES;Geschlecht;GESM;männlich;BILAG3;Schulabschluss;BILABS11;Ohne Ersten Schulabschluss;420;Anzahl;BIL040;Auszubildende
21211;Berufsbildungsstatistik;STAG;Stichtag;2025-12-31;DLAND;Bundesländer;06;Hessen;GES;Geschlecht;GESW;weiblich;BILAG3;Schulabschluss;BILABS12;Erster Schulabschluss;5589;Anzahl;BIL040;Auszubildende
21211;Berufsbildungsstatistik;STAG;Stichtag;2025-12-31;DLAND;Bundesländer;03;Niedersachsen;GES;Geschlecht;GESW;weiblich;BILAG3;Schulabschluss;BILABS26;Realschul- oder vergleichbarer Abschluss;19647;Anzahl;BIL040;Auszubildende
21211;Berufsbildungsstatistik;STAG;Stichtag;2025-12-31;DLAND;Bundesländer;14;Sachsen;GES;Geschlecht;GESM;männlich;BILAG3;Schulabschluss;BILABS12;Erster Schulabschluss;6267;Anzahl;BIL040;Auszubildende
21211;Berufsbildungsstatistik;STAG;Stichtag;2025-12-31;DLAND;Bundesländer;13;Mecklenburg-Vorpommern;GES;Geschlecht;GESM;männlich;BILAG3;Schulabschluss;BILABS27;Hochschul- oder Fachhochschulreife;2565;Anzahl;BIL040;Auszubildende
21211;Berufsbildungsstatistik;STAG;Stichtag;2025-12-31;DLAND;Bundesländer;13;Mecklenburg-Vorpommern;GES;Geschlecht;;Insgesamt;BILAG3;Schulabschluss;;Insgesamt;20727;Anzahl;BIL040;Auszubildende
21211;Berufsbildungsstatistik;STAG;Stichtag;2025-12-31;DLAND;Bundesländer;14;Sachsen;GES;Geschlecht;GESW;weiblich;BILAG3;Schulabschluss;BILABS26;Realschul- oder vergleichbarer Abschluss;9450;Anzahl;BIL040;Auszubildende
21211;Berufsbildungsstatistik;STAG;Stichtag;2025-12-31;DLAND;Bundesländer;03;Niedersachsen;GES;Geschlecht;GESM;männlich;BILAG3;Schulabschluss;BILABS12;Erster Schulabschluss;17553;Anzahl;BIL040;Auszubildende
21211;Berufsbildungsstatistik;STAG;Stichtag;2025-12-31;DLAND;Bundesländer;09;Bayern;GES;Geschlecht;GESM;männlich;BILAG3;Schulabschluss;BILABS11;Ohne Ersten Schulabschluss;5433;Anzahl;BIL040;Auszubildende
21211;Berufsbildungsstatistik;STAG;Stichtag;2025-12-31;DLAND;Bundesländer;05;Nordrhein-Westfalen;GES;Geschlecht;GESM;männlich;BILAG3;Schulabschluss;;Insgesamt;177330;Anzahl;BIL040;Auszubildende
21211;Berufsbildungsstatistik;STAG;Stichtag;2025-12-31;DLAND;Bundesländer;14;Sachsen;GES;Geschlecht;;Insgesamt;BILAG3;Schulabschluss;BILABS11;Ohne Ersten Schulabschluss;1002;Anzahl;BIL040;Auszubildende
21211;Berufsbildungsstatistik;STAG;Stichtag;2025-12-31;DLAND;Bundesländer;04;Bremen;GES;Geschlecht;;Insgesamt;BILAG3;Schulabschluss;BILABS12;Erster Schulabschluss;2610;Anzahl;BIL040;Auszubildende
21211;Berufsbildungsstatistik;STAG;Stichtag;2025-12-31;DLAND;Bundesländer;03;Niedersachsen;GES;Geschlecht;;Insgesamt;BILAG3;Schulabschluss;BILABS11;Ohne Ersten Schulabschluss;3240;Anzahl;BIL040;Auszubildende
21211;Berufsbildungsstatistik;STAG;Stichtag;2025-12-31;DLAND;Bundesländer;15;Sachsen-Anhalt;GES;Geschlecht;;Insgesamt;BILAG3;Schulabschluss;BILABS12;Erster Schulabschluss;4134;Anzahl;BIL040;Auszubildende
21211;Berufsbildungsstatistik;STAG;Stichtag;2025-12-31;DLAND;Bundesländer;04;Bremen;GES;Geschlecht;;Insgesamt;BILAG3;Schulabschluss;;Insgesamt;13194;Anzahl;BIL040;Auszubildende
21211;Berufsbildungsstatistik;STAG;Stichtag;2025-12-31;DLAND;Bundesländer;07;Rheinland-Pfalz;GES;Geschlecht;GESM;männlich;BILAG3;Schulabschluss;BILABS98;Im Ausland erworbener Abschluss (nicht zuordenbar);1158;Anzahl;BIL040;Auszubildende
21211;Berufsbildungsstatistik;STAG;Stichtag;2025-12-31;DLAND;Bundesländer;14;Sachsen;GES;Geschlecht;GESW;weiblich;BILAG3;Schulabschluss;BILABS98;Im Ausland erworbener Abschluss (nicht zuordenbar);681;Anzahl;BIL040;Auszubildende
21211;Berufsbildungsstatistik;STAG;Stichtag;2025-12-31;DLAND;Bundesländer;10;Saarland;GES;Geschlecht;GESW;weiblich;BILAG3;Schulabschluss;BILABS12;Erster Schulabschluss;918;Anzahl;BIL040;Auszubildende
21211;Berufsbildungsstatistik;STAG;Stichtag;2025-12-31;DLAND;Bundesländer;04;Bremen;GES;Geschlecht;GESW;weiblich;BILAG3;Schulabschluss;BILABS27;Hochschul- oder Fachhochschulreife;1947;Anzahl;BIL040;Auszubildende
21211;Berufsbildungsstatistik;STAG;Stichtag;2025-12-31;DLAND;Bundesländer;12;Brandenburg;GES;Geschlecht;GESM;männlich;BILAG3;Schulabschluss;BILABS27;Hochschul- oder Fachhochschulreife;4542;Anzahl;BIL040;Auszubildende
21211;Berufsbildungsstatistik;STAG;Stichtag;2025-12-31;DLAND;Bundesländer;05;Nordrhein-Westfalen;GES;Geschlecht;GESW;weiblich;BILAG3;Schulabschluss;BILABS12;Erster Schulabschluss;11100;Anzahl;BIL040;Auszubildende
21211;Berufsbildungsstatistik;STAG;Stichtag;2025-12-31;DLAND;Bundesländer;02;Hamburg;GES;Geschlecht;GESM;männlich;BILAG3;Schulabschluss;BILABS11;Ohne Ersten Schulabschluss;522;Anzahl;BIL040;Auszubildende
21211;Berufsbildungsstatistik;STAG;Stichtag;2025-12-31;DLAND;Bundesländer;10;Saarland;GES;Geschlecht;;Insgesamt;BILAG3;Schulabschluss;BILABS27;Hochschul- oder Fachhochschulreife;4320;Anzahl;BIL040;Auszubildende
21211;Berufsbildungsstatistik;STAG;Stichtag;2025-12-31;DLAND;Bundesländer;08;Baden-Württemberg;GES;Geschlecht;;Insgesamt;BILAG3;Schulabschluss;BILABS27;Hochschul- oder Fachhochschulreife;43926;Anzahl;BIL040;Auszubildende
21211;Berufsbildungsstatistik;STAG;Stichtag;2025-12-31;DLAND;Bundesländer;01;Schleswig-Holstein;GES;Geschlecht;;Insgesamt;BILAG3;Schulabschluss;;Insgesamt;41772;Anzahl;BIL040;Auszubildende
21211;Berufsbildungsstatistik;STAG;Stichtag;2025-12-31;DLAND;Bundesländer;07;Rheinland-Pfalz;GES;Geschlecht;;Insgesamt;BILAG3;Schulabschluss;BILABS26;Realschul- oder vergleichbarer Abschluss;24882;Anzahl;BIL040;Auszubildende
21211;Berufsbildungsstatistik;STAG;Stichtag;2025-12-31;DLAND;Bundesländer;15;Sachsen-Anhalt;GES;Geschlecht;GESW;weiblich;BILAG3;Schulabschluss;BILABS26;Realschul- oder vergleichbarer Abschluss;4713;Anzahl;BIL040;Auszubildende
21211;Berufsbildungsstatistik;STAG;Stichtag;2025-12-31;DLAND;Bundesländer;16;Thüringen;GES;Geschlecht;GESW;weiblich;BILAG3;Schulabschluss;BILABS11;Ohne Ersten Schulabschluss;261;Anzahl;BIL040;Auszubildende
21211;Berufsbildungsstatistik;STAG;Stichtag;2025-12-31;DLAND;Bundesländer;16;Thüringen;GES;Geschlecht;;Insgesamt;BILAG3;Schulabschluss;;Insgesamt;26856;Anzahl;BIL040;Auszubildende
21211;Berufsbildungsstatistik;STAG;Stichtag;2025-12-31;DLAND;Bundesländer;06;Hessen;GES;Geschlecht;;Insgesamt;BILAG3;Schulabschluss;BILABS98;Im Ausland erworbener Abschluss (nicht zuordenbar);2688;Anzahl;BIL040;Auszubildende
21211;Berufsbildungsstatistik;STAG;Stichtag;2025-12-31;DLAND;Bundesländer;09;Bayern;GES;Geschlecht;GESW;weiblich;BILAG3;Schulabschluss;BILABS98;Im Ausland erworbener Abschluss (nicht zuordenbar);4941;Anzahl;BIL040;Auszubildende
21211;Berufsbildungsstatistik;STAG;Stichtag;2025-12-31;DLAND;Bundesländer;01;Schleswig-Holstein;GES;Geschlecht;GESM;männlich;BILAG3;Schulabschluss;BILABS26;Realschul- oder vergleichbarer Abschluss;10290;Anzahl;BIL040;Auszubildende
21211;Berufsbildungsstatistik;STAG;Stichtag;2025-12-31;DLAND;Bundesländer;03;Niedersachsen;GES;Geschlecht;GESW;weiblich;BILAG3;Schulabschluss;;Insgesamt;43419;Anzahl;BIL040;Auszubildende
21211;Berufsbildungsstatistik;STAG;Stichtag;2025-12-31;DLAND;Bundesländer;11;Berlin;GES;Geschlecht;GESM;männlich;BILAG3;Schulabschluss;BILABS11;Ohne Ersten Schulabschluss;978;Anzahl;BIL040;Auszubildende
21211;Berufsbildungsstatistik;STAG;Stichtag;2025-12-31;DLAND;Bundesländer;07;Rheinland-Pfalz;GES;Geschlecht;GESW;weiblich;BILAG3;Schulabschluss;BILABS27;Hochschul- oder Fachhochschulreife;6684;Anzahl;BIL040;Auszubildende
21211;Berufsbildungsstatistik;STAG;Stichtag;2025-12-31;DLAND;Bundesländer;02;Hamburg;GES;Geschlecht;GESM;männlich;BILAG3;Schulabschluss;;Insgesamt;18039;Anzahl;BIL040;Auszubildende
21211;Berufsbildungsstatistik;STAG;Stichtag;2025-12-31;DLAND;Bundesländer;14;Sachsen;GES;Geschlecht;GESM;männlich;BILAG3;Schulabschluss;BILABS11;Ohne Ersten Schulabschluss;702;Anzahl;BIL040;Auszubildende
21211;Berufsbildungsstatistik;STAG;Stichtag;2025-12-31;DLAND;Bundesländer;09;Bayern;GES;Geschlecht;GESM;männlich;BILAG3;Schulabschluss;BILABS12;Erster Schulabschluss;43557;Anzahl;BIL040;Auszubildende
21211;Berufsbildungsstatistik;STAG;Stichtag;2025-12-31;DLAND;Bundesländer;03;Niedersachsen;GES;Geschlecht;;Insgesamt;BILAG3;Schulabschluss;;Insgesamt;125115;Anzahl;BIL040;Auszubildende
21211;Berufsbildungsstatistik;STAG;Stichtag;2025-12-31;DLAND;Bundesländer;05;Nordrhein-Westfalen;GES;Geschlecht;;Insgesamt;BILAG3;Schulabschluss;BILABS12;Erster Schulabschluss;43446;Anzahl;BIL040;Auszubildende
21211;Berufsbildungsstatistik;STAG;Stichtag;2025-12-31;DLAND;Bundesländer;15;Sachsen-Anhalt;GES;Geschlecht;;Insgesamt;BILAG3;Schulabschluss;BILABS11;Ohne Ersten Schulabschluss;774;Anzahl;BIL040;Auszubildende
21211;Berufsbildungsstatistik;STAG;Stichtag;2025-12-31;DLAND;Bundesländer;16;Thüringen;GES;Geschlecht;;Insgesamt;BILAG3;Schulabschluss;BILABS12;Erster Schulabschluss;5301;Anzahl;BIL040;Auszubildende
21211;Berufsbildungsstatistik;STAG;Stichtag;2025-12-31;DLAND;Bundesländer;04;Bremen;GES;Geschlecht;;Insgesamt;BILAG3;Schulabschluss;BILABS11;Ohne Ersten Schulabschluss;342;Anzahl;BIL040;Auszubildende
21211;Berufsbildungsstatistik;STAG;Stichtag;2025-12-31;DLAND;Bundesländer;08;Baden-Württemberg;GES;Geschlecht;;Insgesamt;BILAG3;Schulabschluss;;Insgesamt;172323;Anzahl;BIL040;Auszubildende
21211;Berufsbildungsstatistik;STAG;Stichtag;2025-12-31;DLAND;Bundesländer;02;Hamburg;GES;Geschlecht;GESW;weiblich;BILAG3;Schulabschluss;BILABS11;Ohne Ersten Schulabschluss;165;Anzahl;BIL040;Auszubildende
21211;Berufsbildungsstatistik;STAG;Stichtag;2025-12-31;DLAND;Bundesländer;10;Saarland;GES;Geschlecht;;Insgesamt;BILAG3;Schulabschluss;BILABS98;Im Ausland erworbener Abschluss (nicht zuordenbar);378;Anzahl;BIL040;Auszubildende
21211;Berufsbildungsstatistik;STAG;Stichtag;2025-12-31;DLAND;Bundesländer;08;Baden-Württemberg;GES;Geschlecht;GESM;männlich;BILAG3;Schulabschluss;;Insgesamt;110454;Anzahl;BIL040;Auszubildende
21211;Berufsbildungsstatistik;STAG;Stichtag;2025-12-31;DLAND;Bundesländer;10;Saarland;GES;Geschlecht;GESW;weiblich;BILAG3;Schulabschluss;BILABS11;Ohne Ersten Schulabschluss;171;Anzahl;BIL040;Auszubildende
21211;Berufsbildungsstatistik;STAG;Stichtag;2025-12-31;DLAND;Bundesländer;04;Bremen;GES;Geschlecht;GESM;männlich;BILAG3;Schulabschluss;BILABS27;Hochschul- oder Fachhochschulreife;2640;Anzahl;BIL040;Auszubildende
21211;Berufsbildungsstatistik;STAG;Stichtag;2025-12-31;DLAND;Bundesländer;12;Brandenburg;GES;Geschlecht;GESM;männlich;BILAG3;Schulabschluss;BILABS98;Im Ausland erworbener Abschluss (nicht zuordenbar);378;Anzahl;BIL040;Auszubildende
21211;Berufsbildungsstatistik;STAG;Stichtag;2025-12-31;DLAND;Bundesländer;05;Nordrhein-Westfalen;GES;Geschlecht;;Insgesamt;BILAG3;Schulabschluss;;Insgesamt;266943;Anzahl;BIL040;Auszubildende
21211;Berufsbildungsstatistik;STAG;Stichtag;2025-12-31;DLAND;Bundesländer;06;Hessen;GES;Geschlecht;GESW;weiblich;BILAG3;Schulabschluss;;Insgesamt;30582;Anzahl;BIL040;Auszubildende
21211;Berufsbildungsstatistik;STAG;Stichtag;2025-12-31;DLAND;Bundesländer;11;Berlin;GES;Geschlecht;GESM;männlich;BILAG3;Schulabschluss;BILABS12;Erster Schulabschluss;3864;Anzahl;BIL040;Auszubildende
21211;Berufsbildungsstatistik;STAG;Stichtag;2025-12-31;DLAND;Bundesländer;05;Nordrhein-Westfalen;GES;Geschlecht;GESW;weiblich;BILAG3;Schulabschluss;BILABS11;Ohne Ersten Schulabschluss;1608;Anzahl;BIL040;Auszubildende
21211;Berufsbildungsstatistik;STAG;Stichtag;2025-12-31;DLAND;Bundesländer;12;Brandenburg;GES;Geschlecht;GESM;männlich;BILAG3;Schulabschluss;BILABS26;Realschul- oder vergleichbarer Abschluss;9045;Anzahl;BIL040;Auszubildende
21211;Berufsbildungsstatistik;STAG;Stichtag;2025-12-31;DLAND;Bundesländer;11;Berlin;GES;Geschlecht;;Insgesamt;BILAG3;Schulabschluss;BILABS27;Hochschul- oder Fachhochschulreife;12372;Anzahl;BIL040;Auszubildende
21211;Berufsbildungsstatistik;STAG;Stichtag;2025-12-31;DLAND;Bundesländer;09;Bayern;GES;Geschlecht;;Insgesamt;BILAG3;Schulabschluss;BILABS27;Hochschul- oder Fachhochschulreife;30999;Anzahl;BIL040;Auszubildende
21211;Berufsbildungsstatistik;STAG;Stichtag;2025-12-31;DLAND;Bundesländer;15;Sachsen-Anhalt;GES;Geschlecht;GESW;weiblich;BILAG3;Schulabschluss;BILABS27;Hochschul- oder Fachhochschulreife;1902;Anzahl;BIL040;Auszubildende
21211;Berufsbildungsstatistik;STAG;Stichtag;2025-12-31;DLAND;Bundesländer;10;Saarland;GES;Geschlecht;;Insgesamt;BILAG3;Schulabschluss;BILABS26;Realschul- oder vergleichbarer Abschluss;4719;Anzahl;BIL040;Auszubildende
21211;Berufsbildungsstatistik;STAG;Stichtag;2025-12-31;DLAND;Bundesländer;08;Baden-Württemberg;GES;Geschlecht;;Insgesamt;BILAG3;Schulabschluss;BILABS26;Realschul- oder vergleichbarer Abschluss;82719;Anzahl;BIL040;Auszubildende
21211;Berufsbildungsstatistik;STAG;Stichtag;2025-12-31;DLAND;Bundesländer;15;Sachsen-Anhalt;GES;Geschlecht;GESW;weiblich;BILAG3;Schulabschluss;;Insgesamt;8241;Anzahl;BIL040;Auszubildende
21211;Berufsbildungsstatistik;STAG;Stichtag;2025-12-31;DLAND;Bundesländer;03;Niedersachsen;GES;Geschlecht;GESW;weiblich;BILAG3;Schulabschluss;BILABS98;Im Ausland erworbener Abschluss (nicht zuordenbar);1962;Anzahl;BIL040;Auszubildende
21211;Berufsbildungsstatistik;STAG;Stichtag;2025-12-31;DLAND;Bundesländer;07;Rheinland-Pfalz;GES;Geschlecht;GESM;männlich;BILAG3;Schulabschluss;BILABS26;Realschul- oder vergleichbarer Abschluss;16455;Anzahl;BIL040;Auszubildende
21211;Berufsbildungsstatistik;STAG;Stichtag;2025-12-31;DLAND;Bundesländer;01;Schleswig-Holstein;GES;Geschlecht;;Insgesamt;BILAG3;Schulabschluss;BILABS27;Hochschul- oder Fachhochschulreife;12123;Anzahl;BIL040;Auszubildende
21211;Berufsbildungsstatistik;STAG;Stichtag;2025-12-31;DLAND;Bundesländer;06;Hessen;GES;Geschlecht;;Insgesamt;BILAG3;Schulabschluss;;Insgesamt;87108;Anzahl;BIL040;Auszubildende
21211;Berufsbildungsstatistik;STAG;Stichtag;2025-12-31;DLAND;Bundesländer;06;Hessen;GES;Geschlecht;GESM;männlich;BILAG3;Schulabschluss;BILABS12;Erster Schulabschluss;13959;Anzahl;BIL040;Auszubildende
21211;Berufsbildungsstatistik;STAG;Stichtag;2025-12-31;DLAND;Bundesländer;07;Rheinland-Pfalz;GES;Geschlecht;;Insgesamt;BILAG3;Schulabschluss;BILABS98;Im Ausland erworbener Abschluss (nicht zuordenbar);1824;Anzahl;BIL040;Auszubildende
21211;Berufsbildungsstatistik;STAG;Stichtag;2025-12-31;DLAND;Bundesländer;14;Sachsen;GES;Geschlecht;GESM;männlich;BILAG3;Schulabschluss;;Insgesamt;35475;Anzahl;BIL040;Auszubildende
21211;Berufsbildungsstatistik;STAG;Stichtag;2025-12-31;DLAND;Bundesländer;13;Mecklenburg-Vorpommern;GES;Geschlecht;GESW;weiblich;BILAG3;Schulabschluss;BILABS11;Ohne Ersten Schulabschluss;189;Anzahl;BIL040;Auszubildende
21211;Berufsbildungsstatistik;STAG;Stichtag;2025-12-31;DLAND;Bundesländer;15;Sachsen-Anhalt;GES;Geschlecht;GESM;männlich;BILAG3;Schulabschluss;BILABS98;Im Ausland erworbener Abschluss (nicht zuordenbar);753;Anzahl;BIL040;Auszubildende
21211;Berufsbildungsstatistik;STAG;Stichtag;2025-12-31;DLAND;Bundesländer;01;Schleswig-Holstein;GES;Geschlecht;GESM;männlich;BILAG3;Schulabschluss;BILABS27;Hochschul- oder Fachhochschulreife;7035;Anzahl;BIL040;Auszubildende
21211;Berufsbildungsstatistik;STAG;Stichtag;2025-12-31;DLAND;Bundesländer;11;Berlin;GES;Geschlecht;GESW;weiblich;BILAG3;Schulabschluss;BILABS98;Im Ausland erworbener Abschluss (nicht zuordenbar);621;Anzahl;BIL040;Auszubildende
21211;Berufsbildungsstatistik;STAG;Stichtag;2025-12-31;DLAND;Bundesländer;07;Rheinland-Pfalz;GES;Geschlecht;;Insgesamt;BILAG3;Schulabschluss;;Insgesamt;57726;Anzahl;BIL040;Auszubildende
