statistics_code;statistics_label;time_code;time_label;time;1_variable_code;1_variable_label;1_variable_attribute_code;1_variable_attribute_label;value;value_unit;value_variable_code;value_variable_label
52411;Statistik über beantragte Insolvenzverfahren;JAHR;Jahr;2016;DINSG;Deutschland insgesamt;DG;Deutschland;100996;Anzahl;ISV007;Insolvenzverfahren (Übrige Schuldner)
52411;Statistik über beantragte Insolvenzverfahren;JAHR;Jahr;2016;DINSG;Deutschland insgesamt;DG;Deutschland;7646415;Tsd. EUR;FOR003;Voraussichtliche Forderungen (Übrige Schuldner)
52411;Statistik über beantragte Insolvenzverfahren;JAHR;Jahr;2016;DINSG;Deutschland insgesamt;DG;Deutschland;-3,2;%;ISV007;in
52411;Statistik über beantragte Insolvenzverfahren;JAHR;Jahr;2015;DINSG;Deutschland insgesamt;DG;Deutschland;104337;Anzahl;ISV007;Insolvenzverfahren (Übrige Schuldner)
52411;Statistik über beantragte Insolvenzverfahren;JAHR;Jahr;2015;DINSG;Deutschland insgesamt;DG;Deutschland;8941534;Tsd. EUR;FOR003;Voraussichtliche Forderungen (Übrige Schuldner)
52411;Statistik über beantragte Insolvenzverfahren;JAHR;Jahr;2015;DINSG;Deutschland insgesamt;DG;Deutschland;-5,8;%;ISV007;in
52411;Statistik über beantragte Insolvenzverfahren;JAHR;Jahr;2014;DINSG;Deutschland insgesamt;DG;Deutschland;110786;Anzahl;ISV007;Insolvenzverfahren (Übrige Schuldner)
52411;Statistik über beantragte Insolvenzverfahren;JAHR;Jahr;2014;DINSG;Deutschland insgesamt;DG;Deutschland;10098309;Tsd. EUR;FOR003;Voraussichtliche Forderungen (Übrige Schuldner)
52411;Statistik über beantragte Insolvenzverfahren;JAHR;Jahr;2014;DINSG;Deutschland insgesamt;DG;Deutschland;-3,9;%;ISV007;in
52411;Statistik über beantragte Insolvenzverfahren;JAHR;Jahr;2013;DINSG;Deutschland insgesamt;DG;Deutschland;115337;Anzahl;ISV007;Insolvenzverfahren (Übrige Schuldner)
52411;Statistik über beantragte Insolvenzverfahren;JAHR;Jahr;2013;DINSG;Deutschland insgesamt;DG;Deutschland;9762502;Tsd. EUR;FOR003;Voraussichtliche Forderungen (Übrige Schuldner)
52411;Statistik über beantragte Insolvenzverfahren;JAHR;Jahr;2013;DINSG;Deutschland insgesamt;DG;Deutschland;-5,5;%;ISV007;in
52411;Statistik über beantragte Insolvenzverfahren;JAHR;Jahr;2012;DINSG;Deutschland insgesamt;DG;Deutschland;122001;Anzahl;ISV007;Insolvenzverfahren (Übrige Schuldner)
52411;Statistik über beantragte Insolvenzverfahren;JAHR;Jahr;2012;DINSG;Deutschland insgesamt;DG;Deutschland;10533961;Tsd. EUR;FOR003;Voraussichtliche Forderungen (Übrige Schuldner)
52411;Statistik über beantragte Insolvenzverfahren;JAHR;Jahr;2012;DINSG;Deutschland insgesamt;DG;Deutschland;-5,7;%;ISV007;in
52411;Statistik über beantragte Insolvenzverfahren;JAHR;Jahr;2011;DINSG;Deutschland insgesamt;DG;Deutschland;129319;Anzahl;ISV007;Insolvenzverfahren (Übrige Schuldner)
52411;Statistik über beantragte Insolvenzverfahren;JAHR;Jahr;2011;DINSG;Deutschland insgesamt;DG;Deutschland;11533058;Tsd. EUR;FOR003;Voraussichtliche Forderungen (Übrige Schuldner)
52411;Statistik über beantragte Insolvenzverfahren;JAHR;Jahr;2011;DINSG;Deutschland insgesamt;DG;Deutschland;-5,2;%;ISV007;in
52411;Statistik über beantragte Insolvenzverfahren;JAHR;Jahr;2010;DINSG;Deutschland insgesamt;DG;Deutschland;136460;Anzahl;ISV007;Insolvenzverfahren (Übrige Schuldner)
52411;Statistik über beantragte Insolvenzverfahren;JAHR;Jahr;2010;DINSG;Deutschland insgesamt;DG;Deutschland;12404092;Tsd. EUR;FOR003;Voraussichtliche Forderungen (Übrige Schuldner)
52411;Statistik über beantragte Insolvenzverfahren;JAHR;Jahr;2010;DINSG;Deutschland insgesamt;DG;Deutschland;4,8;%;ISV007;in
52411;Statistik über beantragte Insolvenzverfahren;JAHR;Jahr;2019;DINSG;Deutschland insgesamt;DG;Deutschland;85320;Anzahl;ISV007;Insolvenzverfahren (Übrige Schuldner)
52411;Statistik über beantragte Insolvenzverfahren;JAHR;Jahr;2019;DINSG;Deutschland insgesamt;DG;Deutschland;10386662;Tsd. EUR;FOR003;Voraussichtliche Forderungen (Übrige Schuldner)
52411;Statistik über beantragte Insolvenzverfahren;JAHR;Jahr;2019;DINSG;Deutschland insgesamt;DG;Deutschland;-5,5;%;ISV007;in
52411;Statistik über beantragte Insolvenzverfahren;JAHR;Jahr;2018;DINSG;Deutschland insgesamt;DG;Deutschland;90282;Anzahl;ISV007;Insolvenzverfahren (Übrige Schuldner)
52411;Statistik über beantragte Insolvenzverfahren;JAHR;Jahr;2018;DINSG;Deutschland insgesamt;DG;Deutschland;6760575;Tsd. EUR;FOR003;Voraussichtliche Forderungen (Übrige Schuldner)
52411;Statistik über beantragte Insolvenzverfahren;JAHR;Jahr;2018;DINSG;Deutschland insgesamt;DG;Deutschland;-5,5;%;ISV007;in
52411;Statistik über beantragte Insolvenzverfahren;JAHR;Jahr;2017;DINSG;Deutschland insgesamt;DG;Deutschland;95539;Anzahl;ISV007;Insolvenzverfahren (Übrige Schuldner)
52411;Statistik über beantragte Insolvenzverfahren;JAHR;Jahr;2017;DINSG;Deutschland insgesamt;DG;Deutschland;7405442;Tsd. EUR;FOR003;Voraussichtliche Forderungen (Übrige Schuldner)
52411;Statistik über beantragte Insolvenzverfahren;JAHR;Jahr;2017;DINSG;Deutschland insgesamt;DG;Deutschland;-5,4;%;ISV007;in
52411;Statistik über beantragte Insolvenzverfahren;JAHR;Jahr;1999;DINSG;Deutschland insgesamt;DG;Deutschland;7562;Anzahl;ISV007;Insolvenzverfahren (Übrige Schuldner)
52411;Statistik über beantragte Insolvenzverfahren;JAHR;Jahr;1999;DINSG;Deutschland insgesamt;DG;Deutschland;1516041;Tsd. EUR;FOR003;Voraussichtliche Forderungen (Übrige Schuldner)
52411;Statistik über beantragte Insolvenzverfahren;JAHR;Jahr;1999;DINSG;Deutschland insgesamt;DG;Deutschland;.;%;ISV007;in
52411;Statistik über beantragte Insolvenzverfahren;JAHR;Jahr;2004;DINSG;Deutschland insgesamt;DG;Deutschland;79061;Anzahl;ISV007;Insolvenzverfahren (Übrige Schuldner)
52411;Statistik über beantragte Insolvenzverfahren;JAHR;Jahr;2004;DINSG;Deutschland insgesamt;DG;Deutschland;12443040;Tsd. EUR;FOR003;Voraussichtliche Forderungen (Übrige Schuldner)
52411;Statistik über beantragte Insolvenzverfahren;JAHR;Jahr;2004;DINSG;Deutschland insgesamt;DG;Deutschland;28,8;%;ISV007;in
52411;Statistik über beantragte Insolvenzverfahren;JAHR;Jahr;2005;DINSG;Deutschland insgesamt;DG;Deutschland;99711;Anzahl;ISV007;Insolvenzverfahren (Übrige Schuldner)
52411;Statistik über beantragte Insolvenzverfahren;JAHR;Jahr;2005;DINSG;Deutschland insgesamt;DG;Deutschland;13119276;Tsd. EUR;FOR003;Voraussichtliche Forderungen (Übrige Schuldner)
52411;Statistik über beantragte Insolvenzverfahren;JAHR;Jahr;2005;DINSG;Deutschland insgesamt;DG;Deutschland;26,1;%;ISV007;in
52411;Statistik über beantragte Insolvenzverfahren;JAHR;Jahr;2002;DINSG;Deutschland insgesamt;DG;Deutschland;46849;Anzahl;ISV007;Insolvenzverfahren (Übrige Schuldner)
52411;Statistik über beantragte Insolvenzverfahren;JAHR;Jahr;2002;DINSG;Deutschland insgesamt;DG;Deutschland;9789812;Tsd. EUR;FOR003;Voraussichtliche Forderungen (Übrige Schuldner)
52411;Statistik über beantragte Insolvenzverfahren;JAHR;Jahr;2002;DINSG;Deutschland insgesamt;DG;Deutschland;174,8;%;ISV007;in
52411;Statistik über beantragte Insolvenzverfahren;JAHR;Jahr;2025;DINSG;Deutschland insgesamt;DG;Deutschland;106941;Anzahl;ISV007;Insolvenzverfahren (Übrige Schuldner)
52411;Statistik über beantragte Insolvenzverfahren;JAHR;Jahr;2025;DINSG;Deutschland insgesamt;DG;Deutschland;9128976;Tsd. EUR;FOR003;Voraussichtliche Forderungen (Übrige Schuldner)
52411;Statistik über beantragte Insolvenzverfahren;JAHR;Jahr;2025;DINSG;Deutschland insgesamt;DG;Deutschland;8,2;%;ISV007;in
52411;Statistik über beantragte Insolvenzverfahren;JAHR;Jahr;2024;DINSG;Deutschland insgesamt;DG;Deutschland;98862;Anzahl;ISV007;Insolvenzverfahren (Übrige Schuldner)
52411;Statistik über beantragte Insolvenzverfahren;JAHR;Jahr;2024;DINSG;Deutschland insgesamt;DG;Deutschland;8838616;Tsd. EUR;FOR003;Voraussichtliche Forderungen (Übrige Schuldner)
52411;Statistik über beantragte Insolvenzverfahren;JAHR;Jahr;2024;DINSG;Deutschland insgesamt;DG;Deutschland;7,0;%;ISV007;in
52411;Statistik über beantragte Insolvenzverfahren;JAHR;Jahr;2003;DINSG;Deutschland insgesamt;DG;Deutschland;61404;Anzahl;ISV007;Insolvenzverfahren (Übrige Schuldner)
52411;Statistik über beantragte Insolvenzverfahren;JAHR;Jahr;2003;DINSG;Deutschland insgesamt;DG;Deutschland;11466713;Tsd. EUR;FOR003;Voraussichtliche Forderungen (Übrige Schuldner)
52411;Statistik über beantragte Insolvenzverfahren;JAHR;Jahr;2003;DINSG;Deutschland insgesamt;DG;Deutschland;31,1;%;ISV007;in
52411;Statistik über beantragte Insolvenzverfahren;JAHR;Jahr;2000;DINSG;Deutschland insgesamt;DG;Deutschland;14024;Anzahl;ISV007;Insolvenzverfahren (Übrige Schuldner)
52411;Statistik über beantragte Insolvenzverfahren;JAHR;Jahr;2000;DINSG;Deutschland insgesamt;DG;Deutschland;2832897;Tsd. EUR;FOR003;Voraussichtliche Forderungen (Übrige Schuldner)
52411;Statistik über beantragte Insolvenzverfahren;JAHR;Jahr;2000;DINSG;Deutschland insgesamt;DG;Deutschland;85,5;%;ISV007;in
52411;Statistik über beantragte Insolvenzverfahren;JAHR;Jahr;2023;DINSG;Deutschland insgesamt;DG;Deutschland;92364;Anzahl;ISV007;Insolvenzverfahren (Übrige Schuldner)
52411;Statistik über beantragte Insolvenzverfahren;JAHR;Jahr;2023;DINSG;Deutschland insgesamt;DG;Deutschland;7236789;Tsd. EUR;FOR003;Voraussichtliche Forderungen (Übrige Schuldner)
52411;Statistik über beantragte Insolvenzverfahren;JAHR;Jahr;2023;DINSG;Deutschland insgesamt;DG;Deutschland;1,6;%;ISV007;in
52411;Statistik über beantragte Insolvenzverfahren;JAHR;Jahr;2022;DINSG;Deutschland insgesamt;DG;Deutschland;90939;Anzahl;ISV007;Insolvenzverfahren (Übrige Schuldner)
52411;Statistik über beantragte Insolvenzverfahren;JAHR;Jahr;2022;DINSG;Deutschland insgesamt;DG;Deutschland;16753239;Tsd. EUR;FOR003;Voraussichtliche Forderungen (Übrige Schuldner)
52411;Statistik über beantragte Insolvenzverfahren;JAHR;Jahr;2022;DINSG;Deutschland insgesamt;DG;Deutschland;-14,4;%;ISV007;in
52411;Statistik über beantragte Insolvenzverfahren;JAHR;Jahr;2001;DINSG;Deutschland insgesamt;DG;Deutschland;17048;Anzahl;ISV007;Insolvenzverfahren (Übrige Schuldner)
52411;Statistik über beantragte Insolvenzverfahren;JAHR;Jahr;2001;DINSG;Deutschland insgesamt;DG;Deutschland;3651005;Tsd. EUR;FOR003;Voraussichtliche Forderungen (Übrige Schuldner)
52411;Statistik über beantragte Insolvenzverfahren;JAHR;Jahr;2001;DINSG;Deutschland insgesamt;DG;Deutschland;21,6;%;ISV007;in
52411;Statistik über beantragte Insolvenzverfahren;JAHR;Jahr;2021;DINSG;Deutschland insgesamt;DG;Deutschland;106246;Anzahl;ISV007;Insolvenzverfahren (Übrige Schuldner)
52411;Statistik über beantragte Insolvenzverfahren;JAHR;Jahr;2021;DINSG;Deutschland insgesamt;DG;Deutschland;7811212;Tsd. EUR;FOR003;Voraussichtliche Forderungen (Übrige Schuldner)
52411;Statistik über beantragte Insolvenzverfahren;JAHR;Jahr;2021;DINSG;Deutschland insgesamt;DG;Deutschland;79,5;%;ISV007;in
52411;Statistik über beantragte Insolvenzverfahren;JAHR;Jahr;2020;DINSG;Deutschland insgesamt;DG;Deutschland;59203;Anzahl;ISV007;Insolvenzverfahren (Übrige Schuldner)
52411;Statistik über beantragte Insolvenzverfahren;JAHR;Jahr;2020;DINSG;Deutschland insgesamt;DG;Deutschland;6044463;Tsd. EUR;FOR003;Voraussichtliche Forderungen (Übrige Schuldner)
52411;Statistik über beantragte Insolvenzverfahren;JAHR;Jahr;2020;DINSG;Deutschland insgesamt;DG;Deutschland;-30,6;%;ISV007;in
52411;Statistik über beantragte Insolvenzverfahren;JAHR;Jahr;2008;DINSG;Deutschland insgesamt;DG;Deutschland;125911;Anzahl;ISV007;Insolvenzverfahren (Übrige Schuldner)
52411;Statistik über beantragte Insolvenzverfahren;JAHR;Jahr;2008;DINSG;Deutschland insgesamt;DG;Deutschland;11431993;Tsd. EUR;FOR003;Voraussichtliche Forderungen (Übrige Schuldner)
52411;Statistik über beantragte Insolvenzverfahren;JAHR;Jahr;2008;DINSG;Deutschland insgesamt;DG;Deutschland;-7,0;%;ISV007;in
52411;Statistik über beantragte Insolvenzverfahren;JAHR;Jahr;2009;DINSG;Deutschland insgesamt;DG;Deutschland;130220;Anzahl;ISV007;Insolvenzverfahren (Übrige Schuldner)
52411;Statistik über beantragte Insolvenzverfahren;JAHR;Jahr;2009;DINSG;Deutschland insgesamt;DG;Deutschland;11911219;Tsd. EUR;FOR003;Voraussichtliche Forderungen (Übrige Schuldner)
52411;Statistik über beantragte Insolvenzverfahren;JAHR;Jahr;2009;DINSG;Deutschland insgesamt;DG;Deutschland;3,4;%;ISV007;in
52411;Statistik über beantragte Insolvenzverfahren;JAHR;Jahr;2006;DINSG;Deutschland insgesamt;DG;Deutschland;127293;Anzahl;ISV007;Insolvenzverfahren (Übrige Schuldner)
52411;Statistik über beantragte Insolvenzverfahren;JAHR;Jahr;2006;DINSG;Deutschland insgesamt;DG;Deutschland;13978600;Tsd. EUR;FOR003;Voraussichtliche Forderungen (Übrige Schuldner)
52411;Statistik über beantragte Insolvenzverfahren;JAHR;Jahr;2006;DINSG;Deutschland insgesamt;DG;Deutschland;27,7;%;ISV007;in
52411;Statistik über beantragte Insolvenzverfahren;JAHR;Jahr;2007;DINSG;Deutschland insgesamt;DG;Deutschland;135437;Anzahl;ISV007;Insolvenzverfahren (Übrige Schuldner)
52411;Statistik über beantragte Insolvenzverfahren;JAHR;Jahr;2007;DINSG;Deutschland insgesamt;DG;Deutschland;13445285;Tsd. EUR;FOR003;Voraussichtliche Forderungen (Übrige Schuldner)
52411;Statistik über beantragte Insolvenzverfahren;JAHR;Jahr;2007;DINSG;Deutschland insgesamt;DG;Deutschland;6,4;%;ISV007;in
