statistics_code;statistics_label;time_code;time_label;time;1_variable_code;1_variable_label;1_variable_attribute_code;1_variable_attribute_label;2_variable_code;2_variable_label;2_variable_attribute_code;2_variable_attribute_label;3_variable_code;3_variable_label;3_variable_attribute_code;3_variable_attribute_label;4_variable_code;4_variable_label;4_variable_attribute_code;4_variable_attribute_label;value;value_unit;value_variable_code;value_variable_label
21111;Statistik der allgemeinbildenden Schulen;SLJAHR;Schuljahr;2024-P1Y;DINSG;Deutschland insgesamt;DG;Deutschland;GES;Geschlecht;GESW;weiblich;BILSA6;Schulart (Einschulung);SCHULE03;Grundschulen;BILEA1;Einschulungsart;BILEA14;Einschulungen der geistig Behinderten;-;Anzahl;BIL015;Schulanfänger
21111;Statistik der allgemeinbildenden Schulen;SLJAHR;Schuljahr;2024-P1Y;DINSG;Deutschland insgesamt;DG;Deutschland;GES;Geschlecht;GESM;männlich;BILSA6;Schulart (Einschulung);SCHULE10;Freie Waldorfschulen;BILEA1;Einschulungsart;BILEA12;Fristgemäße Einschulungen;3142;Anzahl;BIL015;Schulanfänger
21111;Statistik der allgemeinbildenden Schulen;SLJAHR;Schuljahr;2023-P1Y;DINSG;Deutschland insgesamt;DG;Deutschland;GES;Geschlecht;;Insgesamt;BILSA6;Schulart (Einschulung);SCHULE09;Schularten mit drei Bildungsgängen;BILEA1;Einschulungsart;BILEA12;Fristgemäße Einschulungen;18567;Anzahl;BIL015;Schulanfänger
21111;Statistik der allgemeinbildenden Schulen;SLJAHR;Schuljahr;2024-P1Y;DINSG;Deutschland insgesamt;DG;Deutschland;GES;Geschlecht;;Insgesamt;BILSA6;Schulart (Einschulung);;Insgesamt;BILEA1;Einschulungsart;BILEA13;Verspätete Einschulungen;52407;Anzahl;BIL015;Schulanfänger
21111;Statistik der allgemeinbildenden Schulen;SLJAHR;Schuljahr;2023-P1Y;DINSG;Deutschland insgesamt;DG;Deutschland;GES;Geschlecht;GESM;männlich;BILSA6;Schulart (Einschulung);SCHULE09;Schularten mit drei Bildungsgängen;BILEA1;Einschulungsart;BILEA11;Vorzeitige Einschulungen;395;Anzahl;BIL015;Schulanfänger
21111;Statistik der allgemeinbildenden Schulen;SLJAHR;Schuljahr;2024-P1Y;DINSG;Deutschland insgesamt;DG;Deutschland;GES;Geschlecht;GESM;männlich;BILSA6;Schulart (Einschulung);;Insgesamt;BILEA1;Einschulungsart;BILEA14;Einschulungen der geistig Behinderten;-;Anzahl;BIL015;Schulanfänger
21111;Statistik der allgemeinbildenden Schulen;SLJAHR;Schuljahr;2024-P1Y;DINSG;Deutschland insgesamt;DG;Deutschland;GES;Geschlecht;GESM;männlich;BILSA6;Schulart (Einschulung);SCHULE03;Grundschulen;BILEA1;Einschulungsart;BILEA13;Verspätete Einschulungen;27704;Anzahl;BIL015;Schulanfänger
21111;Statistik der allgemeinbildenden Schulen;SLJAHR;Schuljahr;2023-P1Y;DINSG;Deutschland insgesamt;DG;Deutschland;GES;Geschlecht;;Insgesamt;BILSA6;Schulart (Einschulung);SCHULE11;Förderschulen;BILEA1;Einschulungsart;BILEA13;Verspätete Einschulungen;5921;Anzahl;BIL015;Schulanfänger
21111;Statistik der allgemeinbildenden Schulen;SLJAHR;Schuljahr;2024-P1Y;DINSG;Deutschland insgesamt;DG;Deutschland;GES;Geschlecht;;Insgesamt;BILSA6;Schulart (Einschulung);SCHULE10;Freie Waldorfschulen;BILEA1;Einschulungsart;;Insgesamt;7481;Anzahl;BIL015;Schulanfänger
21111;Statistik der allgemeinbildenden Schulen;SLJAHR;Schuljahr;2023-P1Y;DINSG;Deutschland insgesamt;DG;Deutschland;GES;Geschlecht;GESW;weiblich;BILSA6;Schulart (Einschulung);SCHULE11;Förderschulen;BILEA1;Einschulungsart;BILEA13;Verspätete Einschulungen;1855;Anzahl;BIL015;Schulanfänger
21111;Statistik der allgemeinbildenden Schulen;SLJAHR;Schuljahr;2024-P1Y;DINSG;Deutschland insgesamt;DG;Deutschland;GES;Geschlecht;GESM;männlich;BILSA6;Schulart (Einschulung);SCHULE09;Schularten mit drei Bildungsgängen;BILEA1;Einschulungsart;BILEA11;Vorzeitige Einschulungen;345;Anzahl;BIL015;Schulanfänger
21111;Statistik der allgemeinbildenden Schulen;SLJAHR;Schuljahr;2024-P1Y;DINSG;Deutschland insgesamt;DG;Deutschland;GES;Geschlecht;;Insgesamt;BILSA6;Schulart (Einschulung);SCHULE03;Grundschulen;BILEA1;Einschulungsart;BILEA15;Sonstige Einschulungen;194;Anzahl;BIL015;Schulanfänger
21111;Statistik der allgemeinbildenden Schulen;SLJAHR;Schuljahr;2024-P1Y;DINSG;Deutschland insgesamt;DG;Deutschland;GES;Geschlecht;;Insgesamt;BILSA6;Schulart (Einschulung);SCHULE10;Freie Waldorfschulen;BILEA1;Einschulungsart;BILEA14;Einschulungen der geistig Behinderten;-;Anzahl;BIL015;Schulanfänger
21111;Statistik der allgemeinbildenden Schulen;SLJAHR;Schuljahr;2023-P1Y;DINSG;Deutschland insgesamt;DG;Deutschland;GES;Geschlecht;GESM;männlich;BILSA6;Schulart (Einschulung);;Insgesamt;BILEA1;Einschulungsart;BILEA13;Verspätete Einschulungen;32406;Anzahl;BIL015;Schulanfänger
21111;Statistik der allgemeinbildenden Schulen;SLJAHR;Schuljahr;2023-P1Y;DINSG;Deutschland insgesamt;DG;Deutschland;GES;Geschlecht;GESM;männlich;BILSA6;Schulart (Einschulung);SCHULE03;Grundschulen;BILEA1;Einschulungsart;BILEA13;Verspätete Einschulungen;27184;Anzahl;BIL015;Schulanfänger
21111;Statistik der allgemeinbildenden Schulen;SLJAHR;Schuljahr;2024-P1Y;DINSG;Deutschland insgesamt;DG;Deutschland;GES;Geschlecht;;Insgesamt;BILSA6;Schulart (Einschulung);SCHULE03;Grundschulen;BILEA1;Einschulungsart;BILEA11;Vorzeitige Einschulungen;22511;Anzahl;BIL015;Schulanfänger
21111;Statistik der allgemeinbildenden Schulen;SLJAHR;Schuljahr;2023-P1Y;DINSG;Deutschland insgesamt;DG;Deutschland;GES;Geschlecht;GESM;männlich;BILSA6;Schulart (Einschulung);SCHULE10;Freie Waldorfschulen;BILEA1;Einschulungsart;BILEA12;Fristgemäße Einschulungen;3096;Anzahl;BIL015;Schulanfänger
21111;Statistik der allgemeinbildenden Schulen;SLJAHR;Schuljahr;2023-P1Y;DINSG;Deutschland insgesamt;DG;Deutschland;GES;Geschlecht;;Insgesamt;BILSA6;Schulart (Einschulung);;Insgesamt;BILEA1;Einschulungsart;BILEA13;Verspätete Einschulungen;51758;Anzahl;BIL015;Schulanfänger
21111;Statistik der allgemeinbildenden Schulen;SLJAHR;Schuljahr;2023-P1Y;DINSG;Deutschland insgesamt;DG;Deutschland;GES;Geschlecht;GESW;weiblich;BILSA6;Schulart (Einschulung);SCHULE09;Schularten mit drei Bildungsgängen;BILEA1;Einschulungsart;BILEA12;Fristgemäße Einschulungen;9337;Anzahl;BIL015;Schulanfänger
21111;Statistik der allgemeinbildenden Schulen;SLJAHR;Schuljahr;2024-P1Y;DINSG;Deutschland insgesamt;DG;Deutschland;GES;Geschlecht;GESW;weiblich;BILSA6;Schulart (Einschulung);SCHULE11;Förderschulen;BILEA1;Einschulungsart;BILEA13;Verspätete Einschulungen;1902;Anzahl;BIL015;Schulanfänger
21111;Statistik der allgemeinbildenden Schulen;SLJAHR;Schuljahr;2024-P1Y;DINSG;Deutschland insgesamt;DG;Deutschland;GES;Geschlecht;;Insgesamt;BILSA6;Schulart (Einschulung);SCHULE09;Schularten mit drei Bildungsgängen;BILEA1;Einschulungsart;BILEA14;Einschulungen der geistig Behinderten;-;Anzahl;BIL015;Schulanfänger
21111;Statistik der allgemeinbildenden Schulen;SLJAHR;Schuljahr;2024-P1Y;DINSG;Deutschland insgesamt;DG;Deutschland;GES;Geschlecht;GESW;weiblich;BILSA6;Schulart (Einschulung);SCHULE11;Förderschulen;BILEA1;Einschulungsart;BILEA14;Einschulungen der geistig Behinderten;-;Anzahl;BIL015;Schulanfänger
21111;Statistik der allgemeinbildenden Schulen;SLJAHR;Schuljahr;2023-P1Y;DINSG;Deutschland insgesamt;DG;Deutschland;GES;Geschlecht;GESW;weiblich;BILSA6;Schulart (Einschulung);;Insgesamt;BILEA1;Einschulungsart;BILEA13;Verspätete Einschulungen;19349;Anzahl;BIL015;Schulanfänger
21111;Statistik der allgemeinbildenden Schulen;SLJAHR;Schuljahr;2024-P1Y;DINSG;Deutschland insgesamt;DG;Deutschland;GES;Geschlecht;;Insgesamt;BILSA6;Schulart (Einschulung);SCHULE11;Förderschulen;BILEA1;Einschulungsart;BILEA11;Vorzeitige Einschulungen;376;Anzahl;BIL015;Schulanfänger
21111;Statistik der allgemeinbildenden Schulen;SLJAHR;Schuljahr;2024-P1Y;DINSG;Deutschland insgesamt;DG;Deutschland;GES;Geschlecht;GESW;weiblich;BILSA6;Schulart (Einschulung);SCHULE11;Förderschulen;BILEA1;Einschulungsart;;Insgesamt;8814;Anzahl;BIL015;Schulanfänger
21111;Statistik der allgemeinbildenden Schulen;SLJAHR;Schuljahr;2024-P1Y;DINSG;Deutschland insgesamt;DG;Deutschland;GES;Geschlecht;GESM;männlich;BILSA6;Schulart (Einschulung);SCHULE11;Förderschulen;BILEA1;Einschulungsart;BILEA13;Verspätete Einschulungen;4039;Anzahl;BIL015;Schulanfänger
21111;Statistik der allgemeinbildenden Schulen;SLJAHR;Schuljahr;2024-P1Y;DINSG;Deutschland insgesamt;DG;Deutschland;GES;Geschlecht;;Insgesamt;BILSA6;Schulart (Einschulung);SCHULE09;Schularten mit drei Bildungsgängen;BILEA1;Einschulungsart;;Insgesamt;20724;Anzahl;BIL015;Schulanfänger
21111;Statistik der allgemeinbildenden Schulen;SLJAHR;Schuljahr;2024-P1Y;DINSG;Deutschland insgesamt;DG;Deutschland;GES;Geschlecht;GESW;weiblich;BILSA6;Schulart (Einschulung);SCHULE09;Schularten mit drei Bildungsgängen;BILEA1;Einschulungsart;BILEA12;Fristgemäße Einschulungen;9284;Anzahl;BIL015;Schulanfänger
21111;Statistik der allgemeinbildenden Schulen;SLJAHR;Schuljahr;2023-P1Y;DINSG;Deutschland insgesamt;DG;Deutschland;GES;Geschlecht;GESM;männlich;BILSA6;Schulart (Einschulung);;Insgesamt;BILEA1;Einschulungsart;;Insgesamt;425832;Anzahl;BIL015;Schulanfänger
21111;Statistik der allgemeinbildenden Schulen;SLJAHR;Schuljahr;2024-P1Y;DINSG;Deutschland insgesamt;DG;Deutschland;GES;Geschlecht;;Insgesamt;BILSA6;Schulart (Einschulung);SCHULE11;Förderschulen;BILEA1;Einschulungsart;BILEA15;Sonstige Einschulungen;90;Anzahl;BIL015;Schulanfänger
21111;Statistik der allgemeinbildenden Schulen;SLJAHR;Schuljahr;2023-P1Y;DINSG;Deutschland insgesamt;DG;Deutschland;GES;Geschlecht;GESM;männlich;BILSA6;Schulart (Einschulung);SCHULE11;Förderschulen;BILEA1;Einschulungsart;BILEA13;Verspätete Einschulungen;4061;Anzahl;BIL015;Schulanfänger
21111;Statistik der allgemeinbildenden Schulen;SLJAHR;Schuljahr;2024-P1Y;DINSG;Deutschland insgesamt;DG;Deutschland;GES;Geschlecht;GESW;weiblich;BILSA6;Schulart (Einschulung);;Insgesamt;BILEA1;Einschulungsart;BILEA13;Verspätete Einschulungen;19467;Anzahl;BIL015;Schulanfänger
21111;Statistik der allgemeinbildenden Schulen;SLJAHR;Schuljahr;2023-P1Y;DINSG;Deutschland insgesamt;DG;Deutschland;GES;Geschlecht;GESW;weiblich;BILSA6;Schulart (Einschulung);SCHULE11;Förderschulen;BILEA1;Einschulungsart;;Insgesamt;8466;Anzahl;BIL015;Schulanfänger
21111;Statistik der allgemeinbildenden Schulen;SLJAHR;Schuljahr;2023-P1Y;DINSG;Deutschland insgesamt;DG;Deutschland;GES;Geschlecht;;Insgesamt;BILSA6;Schulart (Einschulung);SCHULE10;Freie Waldorfschulen;BILEA1;Einschulungsart;BILEA13;Verspätete Einschulungen;753;Anzahl;BIL015;Schulanfänger
21111;Statistik der allgemeinbildenden Schulen;SLJAHR;Schuljahr;2023-P1Y;DINSG;Deutschland insgesamt;DG;Deutschland;GES;Geschlecht;GESW;weiblich;BILSA6;Schulart (Einschulung);SCHULE10;Freie Waldorfschulen;BILEA1;Einschulungsart;BILEA13;Verspätete Einschulungen;331;Anzahl;BIL015;Schulanfänger
21111;Statistik der allgemeinbildenden Schulen;SLJAHR;Schuljahr;2023-P1Y;DINSG;Deutschland insgesamt;DG;Deutschland;GES;Geschlecht;;Insgesamt;BILSA6;Schulart (Einschulung);SCHULE03;Grundschulen;BILEA1;Einschulungsart;BILEA13;Verspätete Einschulungen;43856;Anzahl;BIL015;Schulanfänger
21111;Statistik der allgemeinbildenden Schulen;SLJAHR;Schuljahr;2024-P1Y;DINSG;Deutschland insgesamt;DG;Deutschland;GES;Geschlecht;GESM;männlich;BILSA6;Schulart (Einschulung);;Insgesamt;BILEA1;Einschulungsart;;Insgesamt;424743;Anzahl;BIL015;Schulanfänger
21111;Statistik der allgemeinbildenden Schulen;SLJAHR;Schuljahr;2024-P1Y;DINSG;Deutschland insgesamt;DG;Deutschland;GES;Geschlecht;GESW;weiblich;BILSA6;Schulart (Einschulung);SCHULE10;Freie Waldorfschulen;BILEA1;Einschulungsart;BILEA13;Verspätete Einschulungen;303;Anzahl;BIL015;Schulanfänger
21111;Statistik der allgemeinbildenden Schulen;SLJAHR;Schuljahr;2023-P1Y;DINSG;Deutschland insgesamt;DG;Deutschland;GES;Geschlecht;GESW;weiblich;BILSA6;Schulart (Einschulung);SCHULE03;Grundschulen;BILEA1;Einschulungsart;BILEA13;Verspätete Einschulungen;16675;Anzahl;BIL015;Schulanfänger
21111;Statistik der allgemeinbildenden Schulen;SLJAHR;Schuljahr;2024-P1Y;DINSG;Deutschland insgesamt;DG;Deutschland;GES;Geschlecht;GESM;männlich;BILSA6;Schulart (Einschulung);SCHULE10;Freie Waldorfschulen;BILEA1;Einschulungsart;BILEA11;Vorzeitige Einschulungen;83;Anzahl;BIL015;Schulanfänger
21111;Statistik der allgemeinbildenden Schulen;SLJAHR;Schuljahr;2023-P1Y;DINSG;Deutschland insgesamt;DG;Deutschland;GES;Geschlecht;;Insgesamt;BILSA6;Schulart (Einschulung);SCHULE09;Schularten mit drei Bildungsgängen;BILEA1;Einschulungsart;BILEA13;Verspätete Einschulungen;1228;Anzahl;BIL015;Schulanfänger
21111;Statistik der allgemeinbildenden Schulen;SLJAHR;Schuljahr;2024-P1Y;DINSG;Deutschland insgesamt;DG;Deutschland;GES;Geschlecht;GESW;weiblich;BILSA6;Schulart (Einschulung);SCHULE03;Grundschulen;BILEA1;Einschulungsart;BILEA15;Sonstige Einschulungen;94;Anzahl;BIL015;Schulanfänger
21111;Statistik der allgemeinbildenden Schulen;SLJAHR;Schuljahr;2024-P1Y;DINSG;Deutschland insgesamt;DG;Deutschland;GES;Geschlecht;GESW;weiblich;BILSA6;Schulart (Einschulung);SCHULE10;Freie Waldorfschulen;BILEA1;Einschulungsart;BILEA12;Fristgemäße Einschulungen;3430;Anzahl;BIL015;Schulanfänger
21111;Statistik der allgemeinbildenden Schulen;SLJAHR;Schuljahr;2024-P1Y;DINSG;Deutschland insgesamt;DG;Deutschland;GES;Geschlecht;GESW;weiblich;BILSA6;Schulart (Einschulung);SCHULE10;Freie Waldorfschulen;BILEA1;Einschulungsart;;Insgesamt;3844;Anzahl;BIL015;Schulanfänger
21111;Statistik der allgemeinbildenden Schulen;SLJAHR;Schuljahr;2024-P1Y;DINSG;Deutschland insgesamt;DG;Deutschland;GES;Geschlecht;GESM;männlich;BILSA6;Schulart (Einschulung);SCHULE10;Freie Waldorfschulen;BILEA1;Einschulungsart;BILEA15;Sonstige Einschulungen;3;Anzahl;BIL015;Schulanfänger
21111;Statistik der allgemeinbildenden Schulen;SLJAHR;Schuljahr;2024-P1Y;DINSG;Deutschland insgesamt;DG;Deutschland;GES;Geschlecht;;Insgesamt;BILSA6;Schulart (Einschulung);;Insgesamt;BILEA1;Einschulungsart;BILEA14;Einschulungen der geistig Behinderten;-;Anzahl;BIL015;Schulanfänger
21111;Statistik der allgemeinbildenden Schulen;SLJAHR;Schuljahr;2024-P1Y;DINSG;Deutschland insgesamt;DG;Deutschland;GES;Geschlecht;GESM;männlich;BILSA6;Schulart (Einschulung);SCHULE03;Grundschulen;BILEA1;Einschulungsart;;Insgesamt;391204;Anzahl;BIL015;Schulanfänger
21111;Statistik der allgemeinbildenden Schulen;SLJAHR;Schuljahr;2024-P1Y;DINSG;Deutschland insgesamt;DG;Deutschland;GES;Geschlecht;GESW;weiblich;BILSA6;Schulart (Einschulung);SCHULE03;Grundschulen;BILEA1;Einschulungsart;BILEA11;Vorzeitige Einschulungen;13260;Anzahl;BIL015;Schulanfänger
21111;Statistik der allgemeinbildenden Schulen;SLJAHR;Schuljahr;2023-P1Y;DINSG;Deutschland insgesamt;DG;Deutschland;GES;Geschlecht;GESW;weiblich;BILSA6;Schulart (Einschulung);SCHULE10;Freie Waldorfschulen;BILEA1;Einschulungsart;BILEA14;Einschulungen der geistig Behinderten;-;Anzahl;BIL015;Schulanfänger
21111;Statistik der allgemeinbildenden Schulen;SLJAHR;Schuljahr;2024-P1Y;DINSG;Deutschland insgesamt;DG;Deutschland;GES;Geschlecht;GESM;männlich;BILSA6;Schulart (Einschulung);;Insgesamt;BILEA1;Einschulungsart;BILEA13;Verspätete Einschulungen;32935;Anzahl;BIL015;Schulanfänger
21111;Statistik der allgemeinbildenden Schulen;SLJAHR;Schuljahr;2023-P1Y;DINSG;Deutschland insgesamt;DG;Deutschland;GES;Geschlecht;GESM;männlich;BILSA6;Schulart (Einschulung);SCHULE09;Schularten mit drei Bildungsgängen;BILEA1;Einschulungsart;BILEA12;Fristgemäße Einschulungen;9230;Anzahl;BIL015;Schulanfänger
21111;Statistik der allgemeinbildenden Schulen;SLJAHR;Schuljahr;2024-P1Y;DINSG;Deutschland insgesamt;DG;Deutschland;GES;Geschlecht;GESM;männlich;BILSA6;Schulart (Einschulung);SCHULE03;Grundschulen;BILEA1;Einschulungsart;BILEA12;Fristgemäße Einschulungen;354146;Anzahl;BIL015;Schulanfänger
21111;Statistik der allgemeinbildenden Schulen;SLJAHR;Schuljahr;2023-P1Y;DINSG;Deutschland insgesamt;DG;Deutschland;GES;Geschlecht;;Insgesamt;BILSA6;Schulart (Einschulung);SCHULE11;Förderschulen;BILEA1;Einschulungsart;BILEA14;Einschulungen der geistig Behinderten;-;Anzahl;BIL015;Schulanfänger
21111;Statistik der allgemeinbildenden Schulen;SLJAHR;Schuljahr;2023-P1Y;DINSG;Deutschland insgesamt;DG;Deutschland;GES;Geschlecht;GESW;weiblich;BILSA6;Schulart (Einschulung);SCHULE11;Förderschulen;BILEA1;Einschulungsart;BILEA14;Einschulungen der geistig Behinderten;-;Anzahl;BIL015;Schulanfänger
21111;Statistik der allgemeinbildenden Schulen;SLJAHR;Schuljahr;2023-P1Y;DINSG;Deutschland insgesamt;DG;Deutschland;GES;Geschlecht;GESM;männlich;BILSA6;Schulart (Einschulung);SCHULE03;Grundschulen;BILEA1;Einschulungsart;BILEA14;Einschulungen der geistig Behinderten;-;Anzahl;BIL015;Schulanfänger
21111;Statistik der allgemeinbildenden Schulen;SLJAHR;Schuljahr;2024-P1Y;DINSG;Deutschland insgesamt;DG;Deutschland;GES;Geschlecht;;Insgesamt;BILSA6;Schulart (Einschulung);SCHULE10;Freie Waldorfschulen;BILEA1;Einschulungsart;BILEA13;Verspätete Einschulungen;717;Anzahl;BIL015;Schulanfänger
21111;Statistik der allgemeinbildenden Schulen;SLJAHR;Schuljahr;2023-P1Y;DINSG;Deutschland insgesamt;DG;Deutschland;GES;Geschlecht;GESM;männlich;BILSA6;Schulart (Einschulung);;Insgesamt;BILEA1;Einschulungsart;BILEA12;Fristgemäße Einschulungen;382611;Anzahl;BIL015;Schulanfänger
21111;Statistik der allgemeinbildenden Schulen;SLJAHR;Schuljahr;2024-P1Y;DINSG;Deutschland insgesamt;DG;Deutschland;GES;Geschlecht;;Insgesamt;BILSA6;Schulart (Einschulung);SCHULE03;Grundschulen;BILEA1;Einschulungsart;BILEA14;Einschulungen der geistig Behinderten;-;Anzahl;BIL015;Schulanfänger
21111;Statistik der allgemeinbildenden Schulen;SLJAHR;Schuljahr;2023-P1Y;DINSG;Deutschland insgesamt;DG;Deutschland;GES;Geschlecht;GESM;männlich;BILSA6;Schulart (Einschulung);SCHULE10;Freie Waldorfschulen;BILEA1;Einschulungsart;BILEA13;Verspätete Einschulungen;414;Anzahl;BIL015;Schulanfänger
21111;Statistik der allgemeinbildenden Schulen;SLJAHR;Schuljahr;2023-P1Y;DINSG;Deutschland insgesamt;DG;Deutschland;GES;Geschlecht;;Insgesamt;BILSA6;Schulart (Einschulung);;Insgesamt;BILEA1;Einschulungsart;BILEA14;Einschulungen der geistig Behinderten;-;Anzahl;BIL015;Schulanfänger
21111;Statistik der allgemeinbildenden Schulen;SLJAHR;Schuljahr;2024-P1Y;DINSG;Deutschland insgesamt;DG;Deutschland;GES;Geschlecht;GESW;weiblich;BILSA6;Schulart (Einschulung);SCHULE11;Förderschulen;BILEA1;Einschulungsart;BILEA12;Fristgemäße Einschulungen;6766;Anzahl;BIL015;Schulanfänger
21111;Statistik der allgemeinbildenden Schulen;SLJAHR;Schuljahr;2023-P1Y;DINSG;Deutschland insgesamt;DG;Deutschland;GES;Geschlecht;GESW;weiblich;BILSA6;Schulart (Einschulung);SCHULE09;Schularten mit drei Bildungsgängen;BILEA1;Einschulungsart;BILEA13;Verspätete Einschulungen;483;Anzahl;BIL015;Schulanfänger
21111;Statistik der allgemeinbildenden Schulen;SLJAHR;Schuljahr;2024-P1Y;DINSG;Deutschland insgesamt;DG;Deutschland;GES;Geschlecht;;Insgesamt;BILSA6;Schulart (Einschulung);SCHULE09;Schularten mit drei Bildungsgängen;BILEA1;Einschulungsart;BILEA13;Verspätete Einschulungen;1240;Anzahl;BIL015;Schulanfänger
21111;Statistik der allgemeinbildenden Schulen;SLJAHR;Schuljahr;2023-P1Y;DINSG;Deutschland insgesamt;DG;Deutschland;GES;Geschlecht;GESW;weiblich;BILSA6;Schulart (Einschulung);;Insgesamt;BILEA1;Einschulungsart;BILEA14;Einschulungen der geistig Behinderten;-;Anzahl;BIL015;Schulanfänger
21111;Statistik der allgemeinbildenden Schulen;SLJAHR;Schuljahr;2024-P1Y;DINSG;Deutschland insgesamt;DG;Deutschland;GES;Geschlecht;GESM;männlich;BILSA6;Schulart (Einschulung);SCHULE11;Förderschulen;BILEA1;Einschulungsart;BILEA12;Fristgemäße Einschulungen;15083;Anzahl;BIL015;Schulanfänger
21111;Statistik der allgemeinbildenden Schulen;SLJAHR;Schuljahr;2024-P1Y;DINSG;Deutschland insgesamt;DG;Deutschland;GES;Geschlecht;GESW;weiblich;BILSA6;Schulart (Einschulung);SCHULE09;Schularten mit drei Bildungsgängen;BILEA1;Einschulungsart;BILEA15;Sonstige Einschulungen;6;Anzahl;BIL015;Schulanfänger
21111;Statistik der allgemeinbildenden Schulen;SLJAHR;Schuljahr;2024-P1Y;DINSG;Deutschland insgesamt;DG;Deutschland;GES;Geschlecht;GESM;männlich;BILSA6;Schulart (Einschulung);SCHULE09;Schularten mit drei Bildungsgängen;BILEA1;Einschulungsart;BILEA15;Sonstige Einschulungen;6;Anzahl;BIL015;Schulanfänger
21111;Statistik der allgemeinbildenden Schulen;SLJAHR;Schuljahr;2024-P1Y;DINSG;Deutschland insgesamt;DG;Deutschland;GES;Geschlecht;GESW;weiblich;BILSA6;Schulart (Einschulung);SCHULE09;Schularten mit drei Bildungsgängen;BILEA1;Einschulungsart;BILEA11;Vorzeitige Einschulungen;517;Anzahl;BIL015;Schulanfänger
21111;Statistik der allgemeinbildenden Schulen;SLJAHR;Schuljahr;2023-P1Y;DINSG;Deutschland insgesamt;DG;Deutschland;GES;Geschlecht;GESW;weiblich;BILSA6;Schulart (Einschulung);SCHULE11;Förderschulen;BILEA1;Einschulungsart;BILEA15;Sonstige Einschulungen;49;Anzahl;BIL015;Schulanfänger
21111;Statistik der allgemeinbildenden Schulen;SLJAHR;Schuljahr;2024-P1Y;DINSG;Deutschland insgesamt;DG;Deutschland;GES;Geschlecht;;Insgesamt;BILSA6;Schulart (Einschulung);SCHULE11;Förderschulen;BILEA1;Einschulungsart;BILEA14;Einschulungen der geistig Behinderten;-;Anzahl;BIL015;Schulanfänger
21111;Statistik der allgemeinbildenden Schulen;SLJAHR;Schuljahr;2023-P1Y;DINSG;Deutschland insgesamt;DG;Deutschland;GES;Geschlecht;GESM;männlich;BILSA6;Schulart (Einschulung);SCHULE11;Förderschulen;BILEA1;Einschulungsart;BILEA14;Einschulungen der geistig Behinderten;-;Anzahl;BIL015;Schulanfänger
21111;Statistik der allgemeinbildenden Schulen;SLJAHR;Schuljahr;2023-P1Y;DINSG;Deutschland insgesamt;DG;Deutschland;GES;Geschlecht;;Insgesamt;BILSA6;Schulart (Einschulung);SCHULE10;Freie Waldorfschulen;BILEA1;Einschulungsart;BILEA14;Einschulungen der geistig Behinderten;-;Anzahl;BIL015;Schulanfänger
21111;Statistik der allgemeinbildenden Schulen;SLJAHR;Schuljahr;2023-P1Y;DINSG;Deutschland insgesamt;DG;Deutschland;GES;Geschlecht;;Insgesamt;BILSA6;Schulart (Einschulung);SCHULE03;Grundschulen;BILEA1;Einschulungsart;BILEA14;Einschulungen der geistig Behinderten;-;Anzahl;BIL015;Schulanfänger
21111;Statistik der allgemeinbildenden Schulen;SLJAHR;Schuljahr;2023-P1Y;DINSG;Deutschland insgesamt;DG;Deutschland;GES;Geschlecht;GESW;weiblich;BILSA6;Schulart (Einschulung);SCHULE03;Grundschulen;BILEA1;Einschulungsart;BILEA14;Einschulungen der geistig Behinderten;-;Anzahl;BIL015;Schulanfänger
21111;Statistik der allgemeinbildenden Schulen;SLJAHR;Schuljahr;2024-P1Y;DINSG;Deutschland insgesamt;DG;Deutschland;GES;Geschlecht;GESM;männlich;BILSA6;Schulart (Einschulung);SCHULE11;Förderschulen;BILEA1;Einschulungsart;;Insgesamt;19442;Anzahl;BIL015;Schulanfänger
21111;Statistik der allgemeinbildenden Schulen;SLJAHR;Schuljahr;2024-P1Y;DINSG;Deutschland insgesamt;DG;Deutschland;GES;Geschlecht;GESW;weiblich;BILSA6;Schulart (Einschulung);;Insgesamt;BILEA1;Einschulungsart;BILEA14;Einschulungen der geistig Behinderten;-;Anzahl;BIL015;Schulanfänger
21111;Statistik der allgemeinbildenden Schulen;SLJAHR;Schuljahr;2024-P1Y;DINSG;Deutschland insgesamt;DG;Deutschland;GES;Geschlecht;GESW;weiblich;BILSA6;Schulart (Einschulung);SCHULE03;Grundschulen;BILEA1;Einschulungsart;;Insgesamt;381992;Anzahl;BIL015;Schulanfänger
21111;Statistik der allgemeinbildenden Schulen;SLJAHR;Schuljahr;2024-P1Y;DINSG;Deutschland insgesamt;DG;Deutschland;GES;Geschlecht;GESM;männlich;BILSA6;Schulart (Einschulung);SCHULE03;Grundschulen;BILEA1;Einschulungsart;BILEA15;Sonstige Einschulungen;100;Anzahl;BIL015;Schulanfänger
21111;Statistik der allgemeinbildenden Schulen;SLJAHR;Schuljahr;2024-P1Y;DINSG;Deutschland insgesamt;DG;Deutschland;GES;Geschlecht;;Insgesamt;BILSA6;Schulart (Einschulung);;Insgesamt;BILEA1;Einschulungsart;BILEA11;Vorzeitige Einschulungen;23940;Anzahl;BIL015;Schulanfänger
21111;Statistik der allgemeinbildenden Schulen;SLJAHR;Schuljahr;2024-P1Y;DINSG;Deutschland insgesamt;DG;Deutschland;GES;Geschlecht;GESM;männlich;BILSA6;Schulart (Einschulung);SCHULE10;Freie Waldorfschulen;BILEA1;Einschulungsart;;Insgesamt;3637;Anzahl;BIL015;Schulanfänger
21111;Statistik der allgemeinbildenden Schulen;SLJAHR;Schuljahr;2023-P1Y;DINSG;Deutschland insgesamt;DG;Deutschland;GES;Geschlecht;;Insgesamt;BILSA6;Schulart (Einschulung);SCHULE09;Schularten mit drei Bildungsgängen;BILEA1;Einschulungsart;;Insgesamt;20836;Anzahl;BIL015;Schulanfänger
21111;Statistik der allgemeinbildenden Schulen;SLJAHR;Schuljahr;2024-P1Y;DINSG;Deutschland insgesamt;DG;Deutschland;GES;Geschlecht;GESW;weiblich;BILSA6;Schulart (Einschulung);SCHULE10;Freie Waldorfschulen;BILEA1;Einschulungsart;BILEA11;Vorzeitige Einschulungen;110;Anzahl;BIL015;Schulanfänger
21111;Statistik der allgemeinbildenden Schulen;SLJAHR;Schuljahr;2024-P1Y;DINSG;Deutschland insgesamt;DG;Deutschland;GES;Geschlecht;GESM;männlich;BILSA6;Schulart (Einschulung);SCHULE10;Freie Waldorfschulen;BILEA1;Einschulungsart;BILEA14;Einschulungen der geistig Behinderten;-;Anzahl;BIL015;Schulanfänger
21111;Statistik der allgemeinbildenden Schulen;SLJAHR;Schuljahr;2023-P1Y;DINSG;Deutschland insgesamt;DG;Deutschland;GES;Geschlecht;;Insgesamt;BILSA6;Schulart (Einschulung);SCHULE09;Schularten mit drei Bildungsgängen;BILEA1;Einschulungsart;BILEA14;Einschulungen der geistig Behinderten;-;Anzahl;BIL015;Schulanfänger
21111;Statistik der allgemeinbildenden Schulen;SLJAHR;Schuljahr;2024-P1Y;DINSG;Deutschland insgesamt;DG;Deutschland;GES;Geschlecht;;Insgesamt;BILSA6;Schulart (Einschulung);;Insgesamt;BILEA1;Einschulungsart;BILEA15;Sonstige Einschulungen;302;Anzahl;BIL015;Schulanfänger
21111;Statistik der allgemeinbildenden Schulen;SLJAHR;Schuljahr;2023-P1Y;DINSG;Deutschland insgesamt;DG;Deutschland;GES;Geschlecht;GESW;weiblich;BILSA6;Schulart (Einschulung);SCHULE10;Freie Waldorfschulen;BILEA1;Einschulungsart;BILEA15;Sonstige Einschulungen;-;Anzahl;BIL015;Schulanfänger
21111;Statistik der allgemeinbildenden Schulen;SLJAHR;Schuljahr;2024-P1Y;DINSG;Deutschland insgesamt;DG;Deutschland;GES;Geschlecht;GESW;weiblich;BILSA6;Schulart (Einschulung);SCHULE03;Grundschulen;BILEA1;Einschulungsart;BILEA12;Fristgemäße Einschulungen;351828;Anzahl;BIL015;Schulanfänger
21111;Statistik der allgemeinbildenden Schulen;SLJAHR;Schuljahr;2023-P1Y;DINSG;Deutschland insgesamt;DG;Deutschland;GES;Geschlecht;;Insgesamt;BILSA6;Schulart (Einschulung);SCHULE11;Förderschulen;BILEA1;Einschulungsart;BILEA15;Sonstige Einschulungen;128;Anzahl;BIL015;Schulanfänger
21111;Statistik der allgemeinbildenden Schulen;SLJAHR;Schuljahr;2024-P1Y;DINSG;Deutschland insgesamt;DG;Deutschland;GES;Geschlecht;GESM;männlich;BILSA6;Schulart (Einschulung);;Insgesamt;BILEA1;Einschulungsart;BILEA12;Fristgemäße Einschulungen;381700;Anzahl;BIL015;Schulanfänger
21111;Statistik der allgemeinbildenden Schulen;SLJAHR;Schuljahr;2023-P1Y;DINSG;Deutschland insgesamt;DG;Deutschland;GES;Geschlecht;GESM;männlich;BILSA6;Schulart (Einschulung);SCHULE09;Schularten mit drei Bildungsgängen;BILEA1;Einschulungsart;BILEA13;Verspätete Einschulungen;745;Anzahl;BIL015;Schulanfänger
21111;Statistik der allgemeinbildenden Schulen;SLJAHR;Schuljahr;2024-P1Y;DINSG;Deutschland insgesamt;DG;Deutschland;GES;Geschlecht;GESM;männlich;BILSA6;Schulart (Einschulung);SCHULE03;Grundschulen;BILEA1;Einschulungsart;BILEA11;Vorzeitige Einschulungen;9251;Anzahl;BIL015;Schulanfänger
21111;Statistik der allgemeinbildenden Schulen;SLJAHR;Schuljahr;2023-P1Y;DINSG;Deutschland insgesamt;DG;Deutschland;GES;Geschlecht;;Insgesamt;BILSA6;Schulart (Einschulung);SCHULE11;Förderschulen;BILEA1;Einschulungsart;BILEA11;Vorzeitige Einschulungen;436;Anzahl;BIL015;Schulanfänger
21111;Statistik der allgemeinbildenden Schulen;SLJAHR;Schuljahr;2023-P1Y;DINSG;Deutschland insgesamt;DG;Deutschland;GES;Geschlecht;GESW;weiblich;BILSA6;Schulart (Einschulung);SCHULE11;Förderschulen;BILEA1;Einschulungsart;BILEA11;Vorzeitige Einschulungen;129;Anzahl;BIL015;Schulanfänger
21111;Statistik der allgemeinbildenden Schulen;SLJAHR;Schuljahr;2023-P1Y;DINSG;Deutschland insgesamt;DG;Deutschland;GES;Geschlecht;GESM;männlich;BILSA6;Schulart (Einschulung);SCHULE03;Grundschulen;BILEA1;Einschulungsart;BILEA11;Vorzeitige Einschulungen;9827;Anzahl;BIL015;Schulanfänger
21111;Statistik der allgemeinbildenden Schulen;SLJAHR;Schuljahr;2023-P1Y;DINSG;Deutschland insgesamt;DG;Deutschland;GES;Geschlecht;GESM;männlich;BILSA6;Schulart (Einschulung);;Insgesamt;BILEA1;Einschulungsart;BILEA11;Vorzeitige Einschulungen;10607;Anzahl;BIL015;Schulanfänger
21111;Statistik der allgemeinbildenden Schulen;SLJAHR;Schuljahr;2023-P1Y;DINSG;Deutschland insgesamt;DG;Deutschland;GES;Geschlecht;GESW;weiblich;BILSA6;Schulart (Einschulung);SCHULE09;Schularten mit drei Bildungsgängen;BILEA1;Einschulungsart;;Insgesamt;10449;Anzahl;BIL015;Schulanfänger
21111;Statistik der allgemeinbildenden Schulen;SLJAHR;Schuljahr;2023-P1Y;DINSG;Deutschland insgesamt;DG;Deutschland;GES;Geschlecht;GESM;männlich;BILSA6;Schulart (Einschulung);SCHULE03;Grundschulen;BILEA1;Einschulungsart;BILEA15;Sonstige Einschulungen;107;Anzahl;BIL015;Schulanfänger
21111;Statistik der allgemeinbildenden Schulen;SLJAHR;Schuljahr;2024-P1Y;DINSG;Deutschland insgesamt;DG;Deutschland;GES;Geschlecht;;Insgesamt;BILSA6;Schulart (Einschulung);SCHULE10;Freie Waldorfschulen;BILEA1;Einschulungsart;BILEA12;Fristgemäße Einschulungen;6567;Anzahl;BIL015;Schulanfänger
21111;Statistik der allgemeinbildenden Schulen;SLJAHR;Schuljahr;2023-P1Y;DINSG;Deutschland insgesamt;DG;Deutschland;GES;Geschlecht;;Insgesamt;BILSA6;Schulart (Einschulung);;Insgesamt;BILEA1;Einschulungsart;BILEA15;Sonstige Einschulungen;350;Anzahl;BIL015;Schulanfänger
21111;Statistik der allgemeinbildenden Schulen;SLJAHR;Schuljahr;2023-P1Y;DINSG;Deutschland insgesamt;DG;Deutschland;GES;Geschlecht;GESM;männlich;BILSA6;Schulart (Einschulung);SCHULE10;Freie Waldorfschulen;BILEA1;Einschulungsart;BILEA14;Einschulungen der geistig Behinderten;-;Anzahl;BIL015;Schulanfänger
21111;Statistik der allgemeinbildenden Schulen;SLJAHR;Schuljahr;2023-P1Y;DINSG;Deutschland insgesamt;DG;Deutschland;GES;Geschlecht;GESM;männlich;BILSA6;Schulart (Einschulung);SCHULE10;Freie Waldorfschulen;BILEA1;Einschulungsart;;Insgesamt;3588;Anzahl;BIL015;Schulanfänger
21111;Statistik der allgemeinbildenden Schulen;SLJAHR;Schuljahr;2024-P1Y;DINSG;Deutschland insgesamt;DG;Deutschland;GES;Geschlecht;;Insgesamt;BILSA6;Schulart (Einschulung);SCHULE03;Grundschulen;BILEA1;Einschulungsart;BILEA13;Verspätete Einschulungen;44509;Anzahl;BIL015;Schulanfänger
21111;Statistik der allgemeinbildenden Schulen;SLJAHR;Schuljahr;2024-P1Y;DINSG;Deutschland insgesamt;DG;Deutschland;GES;Geschlecht;GESW;weiblich;BILSA6;Schulart (Einschulung);SCHULE09;Schularten mit drei Bildungsgängen;BILEA1;Einschulungsart;;Insgesamt;10264;Anzahl;BIL015;Schulanfänger
21111;Statistik der allgemeinbildenden Schulen;SLJAHR;Schuljahr;2023-P1Y;DINSG;Deutschland insgesamt;DG;Deutschland;GES;Geschlecht;;Insgesamt;BILSA6;Schulart (Einschulung);;Insgesamt;BILEA1;Einschulungsart;BILEA11;Vorzeitige Einschulungen;25524;Anzahl;BIL015;Schulanfänger
21111;Statistik der allgemeinbildenden Schulen;SLJAHR;Schuljahr;2024-P1Y;DINSG;Deutschland insgesamt;DG;Deutschland;GES;Geschlecht;GESW;weiblich;BILSA6;Schulart (Einschulung);SCHULE11;Förderschulen;BILEA1;Einschulungsart;BILEA11;Vorzeitige Einschulungen;104;Anzahl;BIL015;Schulanfänger
21111;Statistik der allgemeinbildenden Schulen;SLJAHR;Schuljahr;2023-P1Y;DINSG;Deutschland insgesamt;DG;Deutschland;GES;Geschlecht;GESW;weiblich;BILSA6;Schulart (Einschulung);SCHULE09;Schularten mit drei Bildungsgängen;BILEA1;Einschulungsart;BILEA14;Einschulungen der geistig Behinderten;-;Anzahl;BIL015;Schulanfänger
21111;Statistik der allgemeinbildenden Schulen;SLJAHR;Schuljahr;2023-P1Y;DINSG;Deutschland insgesamt;DG;Deutschland;GES;Geschlecht;GESW;weiblich;BILSA6;Schulart (Einschulung);;Insgesamt;BILEA1;Einschulungsart;BILEA15;Sonstige Einschulungen;147;Anzahl;BIL015;Schulanfänger
21111;Statistik der allgemeinbildenden Schulen;SLJAHR;Schuljahr;2024-P1Y;DINSG;Deutschland insgesamt;DG;Deutschland;GES;Geschlecht;GESM;männlich;BILSA6;Schulart (Einschulung);SCHULE11;Förderschulen;BILEA1;Einschulungsart;BILEA15;Sonstige Einschulungen;53;Anzahl;BIL015;Schulanfänger
21111;Statistik der allgemeinbildenden Schulen;SLJAHR;Schuljahr;2024-P1Y;DINSG;Deutschland insgesamt;DG;Deutschland;GES;Geschlecht;GESM;männlich;BILSA6;Schulart (Einschulung);SCHULE11;Förderschulen;BILEA1;Einschulungsart;BILEA11;Vorzeitige Einschulungen;272;Anzahl;BIL015;Schulanfänger
21111;Statistik der allgemeinbildenden Schulen;SLJAHR;Schuljahr;2024-P1Y;DINSG;Deutschland insgesamt;DG;Deutschland;GES;Geschlecht;GESW;weiblich;BILSA6;Schulart (Einschulung);SCHULE09;Schularten mit drei Bildungsgängen;BILEA1;Einschulungsart;BILEA14;Einschulungen der geistig Behinderten;-;Anzahl;BIL015;Schulanfänger
21111;Statistik der allgemeinbildenden Schulen;SLJAHR;Schuljahr;2024-P1Y;DINSG;Deutschland insgesamt;DG;Deutschland;GES;Geschlecht;GESM;männlich;BILSA6;Schulart (Einschulung);SCHULE09;Schularten mit drei Bildungsgängen;BILEA1;Einschulungsart;BILEA14;Einschulungen der geistig Behinderten;-;Anzahl;BIL015;Schulanfänger
21111;Statistik der allgemeinbildenden Schulen;SLJAHR;Schuljahr;2023-P1Y;DINSG;Deutschland insgesamt;DG;Deutschland;GES;Geschlecht;GESW;weiblich;BILSA6;Schulart (Einschulung);;Insgesamt;BILEA1;Einschulungsart;BILEA11;Vorzeitige Einschulungen;14917;Anzahl;BIL015;Schulanfänger
21111;Statistik der allgemeinbildenden Schulen;SLJAHR;Schuljahr;2024-P1Y;DINSG;Deutschland insgesamt;DG;Deutschland;GES;Geschlecht;;Insgesamt;BILSA6;Schulart (Einschulung);SCHULE11;Förderschulen;BILEA1;Einschulungsart;BILEA13;Verspätete Einschulungen;5941;Anzahl;BIL015;Schulanfänger
21111;Statistik der allgemeinbildenden Schulen;SLJAHR;Schuljahr;2024-P1Y;DINSG;Deutschland insgesamt;DG;Deutschland;GES;Geschlecht;GESM;männlich;BILSA6;Schulart (Einschulung);SCHULE09;Schularten mit drei Bildungsgängen;BILEA1;Einschulungsart;;Insgesamt;10460;Anzahl;BIL015;Schulanfänger
21111;Statistik der allgemeinbildenden Schulen;SLJAHR;Schuljahr;2023-P1Y;DINSG;Deutschland insgesamt;DG;Deutschland;GES;Geschlecht;GESM;männlich;BILSA6;Schulart (Einschulung);SCHULE11;Förderschulen;BILEA1;Einschulungsart;BILEA15;Sonstige Einschulungen;79;Anzahl;BIL015;Schulanfänger
21111;Statistik der allgemeinbildenden Schulen;SLJAHR;Schuljahr;2023-P1Y;DINSG;Deutschland insgesamt;DG;Deutschland;GES;Geschlecht;;Insgesamt;BILSA6;Schulart (Einschulung);SCHULE10;Freie Waldorfschulen;BILEA1;Einschulungsart;BILEA15;Sonstige Einschulungen;-;Anzahl;BIL015;Schulanfänger
21111;Statistik der allgemeinbildenden Schulen;SLJAHR;Schuljahr;2024-P1Y;DINSG;Deutschland insgesamt;DG;Deutschland;GES;Geschlecht;GESW;weiblich;BILSA6;Schulart (Einschulung);;Insgesamt;BILEA1;Einschulungsart;BILEA11;Vorzeitige Einschulungen;13994;Anzahl;BIL015;Schulanfänger
21111;Statistik der allgemeinbildenden Schulen;SLJAHR;Schuljahr;2023-P1Y;DINSG;Deutschland insgesamt;DG;Deutschland;GES;Geschlecht;GESM;männlich;BILSA6;Schulart (Einschulung);SCHULE09;Schularten mit drei Bildungsgängen;BILEA1;Einschulungsart;BILEA14;Einschulungen der geistig Behinderten;-;Anzahl;BIL015;Schulanfänger
21111;Statistik der allgemeinbildenden Schulen;SLJAHR;Schuljahr;2023-P1Y;DINSG;Deutschland insgesamt;DG;Deutschland;GES;Geschlecht;;Insgesamt;BILSA6;Schulart (Einschulung);SCHULE03;Grundschulen;BILEA1;Einschulungsart;BILEA15;Sonstige Einschulungen;192;Anzahl;BIL015;Schulanfänger
21111;Statistik der allgemeinbildenden Schulen;SLJAHR;Schuljahr;2023-P1Y;DINSG;Deutschland insgesamt;DG;Deutschland;GES;Geschlecht;;Insgesamt;BILSA6;Schulart (Einschulung);SCHULE10;Freie Waldorfschulen;BILEA1;Einschulungsart;BILEA11;Vorzeitige Einschulungen;188;Anzahl;BIL015;Schulanfänger
21111;Statistik der allgemeinbildenden Schulen;SLJAHR;Schuljahr;2023-P1Y;DINSG;Deutschland insgesamt;DG;Deutschland;GES;Geschlecht;GESW;weiblich;BILSA6;Schulart (Einschulung);SCHULE10;Freie Waldorfschulen;BILEA1;Einschulungsart;BILEA11;Vorzeitige Einschulungen;115;Anzahl;BIL015;Schulanfänger
21111;Statistik der allgemeinbildenden Schulen;SLJAHR;Schuljahr;2023-P1Y;DINSG;Deutschland insgesamt;DG;Deutschland;GES;Geschlecht;;Insgesamt;BILSA6;Schulart (Einschulung);SCHULE03;Grundschulen;BILEA1;Einschulungsart;BILEA11;Vorzeitige Einschulungen;23889;Anzahl;BIL015;Schulanfänger
21111;Statistik der allgemeinbildenden Schulen;SLJAHR;Schuljahr;2023-P1Y;DINSG;Deutschland insgesamt;DG;Deutschland;GES;Geschlecht;GESM;männlich;BILSA6;Schulart (Einschulung);SCHULE09;Schularten mit drei Bildungsgängen;BILEA1;Einschulungsart;;Insgesamt;10387;Anzahl;BIL015;Schulanfänger
21111;Statistik der allgemeinbildenden Schulen;SLJAHR;Schuljahr;2023-P1Y;DINSG;Deutschland insgesamt;DG;Deutschland;GES;Geschlecht;GESW;weiblich;BILSA6;Schulart (Einschulung);SCHULE03;Grundschulen;BILEA1;Einschulungsart;BILEA15;Sonstige Einschulungen;85;Anzahl;BIL015;Schulanfänger
21111;Statistik der allgemeinbildenden Schulen;SLJAHR;Schuljahr;2024-P1Y;DINSG;Deutschland insgesamt;DG;Deutschland;GES;Geschlecht;GESW;weiblich;BILSA6;Schulart (Einschulung);SCHULE10;Freie Waldorfschulen;BILEA1;Einschulungsart;BILEA15;Sonstige Einschulungen;3;Anzahl;BIL015;Schulanfänger
21111;Statistik der allgemeinbildenden Schulen;SLJAHR;Schuljahr;2023-P1Y;DINSG;Deutschland insgesamt;DG;Deutschland;GES;Geschlecht;GESM;männlich;BILSA6;Schulart (Einschulung);SCHULE11;Förderschulen;BILEA1;Einschulungsart;BILEA11;Vorzeitige Einschulungen;307;Anzahl;BIL015;Schulanfänger
21111;Statistik der allgemeinbildenden Schulen;SLJAHR;Schuljahr;2024-P1Y;DINSG;Deutschland insgesamt;DG;Deutschland;GES;Geschlecht;GESW;weiblich;BILSA6;Schulart (Einschulung);;Insgesamt;BILEA1;Einschulungsart;BILEA15;Sonstige Einschulungen;145;Anzahl;BIL015;Schulanfänger
21111;Statistik der allgemeinbildenden Schulen;SLJAHR;Schuljahr;2023-P1Y;DINSG;Deutschland insgesamt;DG;Deutschland;GES;Geschlecht;GESW;weiblich;BILSA6;Schulart (Einschulung);SCHULE03;Grundschulen;BILEA1;Einschulungsart;BILEA11;Vorzeitige Einschulungen;14062;Anzahl;BIL015;Schulanfänger
21111;Statistik der allgemeinbildenden Schulen;SLJAHR;Schuljahr;2024-P1Y;DINSG;Deutschland insgesamt;DG;Deutschland;GES;Geschlecht;;Insgesamt;BILSA6;Schulart (Einschulung);SCHULE09;Schularten mit drei Bildungsgängen;BILEA1;Einschulungsart;BILEA12;Fristgemäße Einschulungen;18610;Anzahl;BIL015;Schulanfänger
21111;Statistik der allgemeinbildenden Schulen;SLJAHR;Schuljahr;2024-P1Y;DINSG;Deutschland insgesamt;DG;Deutschland;GES;Geschlecht;GESW;weiblich;BILSA6;Schulart (Einschulung);SCHULE03;Grundschulen;BILEA1;Einschulungsart;BILEA13;Verspätete Einschulungen;16805;Anzahl;BIL015;Schulanfänger
21111;Statistik der allgemeinbildenden Schulen;SLJAHR;Schuljahr;2024-P1Y;DINSG;Deutschland insgesamt;DG;Deutschland;GES;Geschlecht;GESM;männlich;BILSA6;Schulart (Einschulung);SCHULE10;Freie Waldorfschulen;BILEA1;Einschulungsart;BILEA13;Verspätete Einschulungen;414;Anzahl;BIL015;Schulanfänger
21111;Statistik der allgemeinbildenden Schulen;SLJAHR;Schuljahr;2023-P1Y;DINSG;Deutschland insgesamt;DG;Deutschland;GES;Geschlecht;;Insgesamt;BILSA6;Schulart (Einschulung);SCHULE09;Schularten mit drei Bildungsgängen;BILEA1;Einschulungsart;BILEA15;Sonstige Einschulungen;30;Anzahl;BIL015;Schulanfänger
21111;Statistik der allgemeinbildenden Schulen;SLJAHR;Schuljahr;2023-P1Y;DINSG;Deutschland insgesamt;DG;Deutschland;GES;Geschlecht;;Insgesamt;BILSA6;Schulart (Einschulung);SCHULE11;Förderschulen;BILEA1;Einschulungsart;;Insgesamt;27020;Anzahl;BIL015;Schulanfänger
21111;Statistik der allgemeinbildenden Schulen;SLJAHR;Schuljahr;2024-P1Y;DINSG;Deutschland insgesamt;DG;Deutschland;GES;Geschlecht;;Insgesamt;BILSA6;Schulart (Einschulung);;Insgesamt;BILEA1;Einschulungsart;BILEA12;Fristgemäße Einschulungen;753003;Anzahl;BIL015;Schulanfänger
21111;Statistik der allgemeinbildenden Schulen;SLJAHR;Schuljahr;2023-P1Y;DINSG;Deutschland insgesamt;DG;Deutschland;GES;Geschlecht;GESW;weiblich;BILSA6;Schulart (Einschulung);SCHULE10;Freie Waldorfschulen;BILEA1;Einschulungsart;;Insgesamt;3851;Anzahl;BIL015;Schulanfänger
21111;Statistik der allgemeinbildenden Schulen;SLJAHR;Schuljahr;2024-P1Y;DINSG;Deutschland insgesamt;DG;Deutschland;GES;Geschlecht;;Insgesamt;BILSA6;Schulart (Einschulung);SCHULE03;Grundschulen;BILEA1;Einschulungsart;;Insgesamt;773191;Anzahl;BIL015;Schulanfänger
21111;Statistik der allgemeinbildenden Schulen;SLJAHR;Schuljahr;2024-P1Y;DINSG;Deutschland insgesamt;DG;Deutschland;GES;Geschlecht;GESM;männlich;BILSA6;Schulart (Einschulung);;Insgesamt;BILEA1;Einschulungsart;BILEA15;Sonstige Einschulungen;162;Anzahl;BIL015;Schulanfänger
21111;Statistik der allgemeinbildenden Schulen;SLJAHR;Schuljahr;2023-P1Y;DINSG;Deutschland insgesamt;DG;Deutschland;GES;Geschlecht;;Insgesamt;BILSA6;Schulart (Einschulung);SCHULE11;Förderschulen;BILEA1;Einschulungsart;BILEA12;Fristgemäße Einschulungen;20540;Anzahl;BIL015;Schulanfänger
21111;Statistik der allgemeinbildenden Schulen;SLJAHR;Schuljahr;2024-P1Y;DINSG;Deutschland insgesamt;DG;Deutschland;GES;Geschlecht;GESM;männlich;BILSA6;Schulart (Einschulung);;Insgesamt;BILEA1;Einschulungsart;BILEA11;Vorzeitige Einschulungen;9946;Anzahl;BIL015;Schulanfänger
21111;Statistik der allgemeinbildenden Schulen;SLJAHR;Schuljahr;2024-P1Y;DINSG;Deutschland insgesamt;DG;Deutschland;GES;Geschlecht;GESM;männlich;BILSA6;Schulart (Einschulung);SCHULE03;Grundschulen;BILEA1;Einschulungsart;BILEA14;Einschulungen der geistig Behinderten;-;Anzahl;BIL015;Schulanfänger
21111;Statistik der allgemeinbildenden Schulen;SLJAHR;Schuljahr;2023-P1Y;DINSG;Deutschland insgesamt;DG;Deutschland;GES;Geschlecht;GESW;weiblich;BILSA6;Schulart (Einschulung);SCHULE11;Förderschulen;BILEA1;Einschulungsart;BILEA12;Fristgemäße Einschulungen;6433;Anzahl;BIL015;Schulanfänger
21111;Statistik der allgemeinbildenden Schulen;SLJAHR;Schuljahr;2024-P1Y;DINSG;Deutschland insgesamt;DG;Deutschland;GES;Geschlecht;;Insgesamt;BILSA6;Schulart (Einschulung);SCHULE10;Freie Waldorfschulen;BILEA1;Einschulungsart;BILEA15;Sonstige Einschulungen;6;Anzahl;BIL015;Schulanfänger
21111;Statistik der allgemeinbildenden Schulen;SLJAHR;Schuljahr;2024-P1Y;DINSG;Deutschland insgesamt;DG;Deutschland;GES;Geschlecht;GESM;männlich;BILSA6;Schulart (Einschulung);SCHULE09;Schularten mit drei Bildungsgängen;BILEA1;Einschulungsart;BILEA12;Fristgemäße Einschulungen;9326;Anzahl;BIL015;Schulanfänger
21111;Statistik der allgemeinbildenden Schulen;SLJAHR;Schuljahr;2023-P1Y;DINSG;Deutschland insgesamt;DG;Deutschland;GES;Geschlecht;GESM;männlich;BILSA6;Schulart (Einschulung);SCHULE10;Freie Waldorfschulen;BILEA1;Einschulungsart;BILEA11;Vorzeitige Einschulungen;73;Anzahl;BIL015;Schulanfänger
21111;Statistik der allgemeinbildenden Schulen;SLJAHR;Schuljahr;2023-P1Y;DINSG;Deutschland insgesamt;DG;Deutschland;GES;Geschlecht;GESM;männlich;BILSA6;Schulart (Einschulung);SCHULE03;Grundschulen;BILEA1;Einschulungsart;BILEA12;Fristgemäße Einschulungen;356183;Anzahl;BIL015;Schulanfänger
21111;Statistik der allgemeinbildenden Schulen;SLJAHR;Schuljahr;2024-P1Y;DINSG;Deutschland insgesamt;DG;Deutschland;GES;Geschlecht;;Insgesamt;BILSA6;Schulart (Einschulung);SCHULE10;Freie Waldorfschulen;BILEA1;Einschulungsart;BILEA11;Vorzeitige Einschulungen;188;Anzahl;BIL015;Schulanfänger
21111;Statistik der allgemeinbildenden Schulen;SLJAHR;Schuljahr;2023-P1Y;DINSG;Deutschland insgesamt;DG;Deutschland;GES;Geschlecht;;Insgesamt;BILSA6;Schulart (Einschulung);;Insgesamt;BILEA1;Einschulungsart;;Insgesamt;831798;Anzahl;BIL015;Schulanfänger
21111;Statistik der allgemeinbildenden Schulen;SLJAHR;Schuljahr;2023-P1Y;DINSG;Deutschland insgesamt;DG;Deutschland;GES;Geschlecht;GESM;männlich;BILSA6;Schulart (Einschulung);;Insgesamt;BILEA1;Einschulungsart;BILEA14;Einschulungen der geistig Behinderten;-;Anzahl;BIL015;Schulanfänger
21111;Statistik der allgemeinbildenden Schulen;SLJAHR;Schuljahr;2023-P1Y;DINSG;Deutschland insgesamt;DG;Deutschland;GES;Geschlecht;GESM;männlich;BILSA6;Schulart (Einschulung);SCHULE10;Freie Waldorfschulen;BILEA1;Einschulungsart;BILEA15;Sonstige Einschulungen;-;Anzahl;BIL015;Schulanfänger
21111;Statistik der allgemeinbildenden Schulen;SLJAHR;Schuljahr;2024-P1Y;DINSG;Deutschland insgesamt;DG;Deutschland;GES;Geschlecht;;Insgesamt;BILSA6;Schulart (Einschulung);SCHULE03;Grundschulen;BILEA1;Einschulungsart;BILEA12;Fristgemäße Einschulungen;705974;Anzahl;BIL015;Schulanfänger
21111;Statistik der allgemeinbildenden Schulen;SLJAHR;Schuljahr;2023-P1Y;DINSG;Deutschland insgesamt;DG;Deutschland;GES;Geschlecht;GESW;weiblich;BILSA6;Schulart (Einschulung);SCHULE09;Schularten mit drei Bildungsgängen;BILEA1;Einschulungsart;BILEA11;Vorzeitige Einschulungen;616;Anzahl;BIL015;Schulanfänger
21111;Statistik der allgemeinbildenden Schulen;SLJAHR;Schuljahr;2023-P1Y;DINSG;Deutschland insgesamt;DG;Deutschland;GES;Geschlecht;;Insgesamt;BILSA6;Schulart (Einschulung);;Insgesamt;BILEA1;Einschulungsart;BILEA12;Fristgemäße Einschulungen;754171;Anzahl;BIL015;Schulanfänger
21111;Statistik der allgemeinbildenden Schulen;SLJAHR;Schuljahr;2023-P1Y;DINSG;Deutschland insgesamt;DG;Deutschland;GES;Geschlecht;GESW;weiblich;BILSA6;Schulart (Einschulung);SCHULE09;Schularten mit drei Bildungsgängen;BILEA1;Einschulungsart;BILEA15;Sonstige Einschulungen;13;Anzahl;BIL015;Schulanfänger
21111;Statistik der allgemeinbildenden Schulen;SLJAHR;Schuljahr;2023-P1Y;DINSG;Deutschland insgesamt;DG;Deutschland;GES;Geschlecht;;Insgesamt;BILSA6;Schulart (Einschulung);SCHULE09;Schularten mit drei Bildungsgängen;BILEA1;Einschulungsart;BILEA11;Vorzeitige Einschulungen;1011;Anzahl;BIL015;Schulanfänger
21111;Statistik der allgemeinbildenden Schulen;SLJAHR;Schuljahr;2023-P1Y;DINSG;Deutschland insgesamt;DG;Deutschland;GES;Geschlecht;GESM;männlich;BILSA6;Schulart (Einschulung);SCHULE03;Grundschulen;BILEA1;Einschulungsart;;Insgesamt;393298;Anzahl;BIL015;Schulanfänger
21111;Statistik der allgemeinbildenden Schulen;SLJAHR;Schuljahr;2024-P1Y;DINSG;Deutschland insgesamt;DG;Deutschland;GES;Geschlecht;;Insgesamt;BILSA6;Schulart (Einschulung);;Insgesamt;BILEA1;Einschulungsart;;Insgesamt;829657;Anzahl;BIL015;Schulanfänger
21111;Statistik der allgemeinbildenden Schulen;SLJAHR;Schuljahr;2024-P1Y;DINSG;Deutschland insgesamt;DG;Deutschland;GES;Geschlecht;;Insgesamt;BILSA6;Schulart (Einschulung);SCHULE09;Schularten mit drei Bildungsgängen;BILEA1;Einschulungsart;BILEA15;Sonstige Einschulungen;12;Anzahl;BIL015;Schulanfänger
21111;Statistik der allgemeinbildenden Schulen;SLJAHR;Schuljahr;2024-P1Y;DINSG;Deutschland insgesamt;DG;Deutschland;GES;Geschlecht;GESW;weiblich;BILSA6;Schulart (Einschulung);SCHULE11;Förderschulen;BILEA1;Einschulungsart;BILEA15;Sonstige Einschulungen;42;Anzahl;BIL015;Schulanfänger
21111;Statistik der allgemeinbildenden Schulen;SLJAHR;Schuljahr;2024-P1Y;DINSG;Deutschland insgesamt;DG;Deutschland;GES;Geschlecht;GESM;männlich;BILSA6;Schulart (Einschulung);SCHULE11;Förderschulen;BILEA1;Einschulungsart;BILEA14;Einschulungen der geistig Behinderten;-;Anzahl;BIL015;Schulanfänger
21111;Statistik der allgemeinbildenden Schulen;SLJAHR;Schuljahr;2023-P1Y;DINSG;Deutschland insgesamt;DG;Deutschland;GES;Geschlecht;GESW;weiblich;BILSA6;Schulart (Einschulung);;Insgesamt;BILEA1;Einschulungsart;;Insgesamt;405966;Anzahl;BIL015;Schulanfänger
21111;Statistik der allgemeinbildenden Schulen;SLJAHR;Schuljahr;2024-P1Y;DINSG;Deutschland insgesamt;DG;Deutschland;GES;Geschlecht;GESW;weiblich;BILSA6;Schulart (Einschulung);SCHULE09;Schularten mit drei Bildungsgängen;BILEA1;Einschulungsart;BILEA13;Verspätete Einschulungen;452;Anzahl;BIL015;Schulanfänger
21111;Statistik der allgemeinbildenden Schulen;SLJAHR;Schuljahr;2023-P1Y;DINSG;Deutschland insgesamt;DG;Deutschland;GES;Geschlecht;GESM;männlich;BILSA6;Schulart (Einschulung);;Insgesamt;BILEA1;Einschulungsart;BILEA15;Sonstige Einschulungen;203;Anzahl;BIL015;Schulanfänger
21111;Statistik der allgemeinbildenden Schulen;SLJAHR;Schuljahr;2023-P1Y;DINSG;Deutschland insgesamt;DG;Deutschland;GES;Geschlecht;;Insgesamt;BILSA6;Schulart (Einschulung);SCHULE03;Grundschulen;BILEA1;Einschulungsart;;Insgesamt;776503;Anzahl;BIL015;Schulanfänger
21111;Statistik der allgemeinbildenden Schulen;SLJAHR;Schuljahr;2024-P1Y;DINSG;Deutschland insgesamt;DG;Deutschland;GES;Geschlecht;GESM;männlich;BILSA6;Schulart (Einschulung);SCHULE09;Schularten mit drei Bildungsgängen;BILEA1;Einschulungsart;BILEA13;Verspätete Einschulungen;783;Anzahl;BIL015;Schulanfänger
21111;Statistik der allgemeinbildenden Schulen;SLJAHR;Schuljahr;2024-P1Y;DINSG;Deutschland insgesamt;DG;Deutschland;GES;Geschlecht;;Insgesamt;BILSA6;Schulart (Einschulung);SCHULE11;Förderschulen;BILEA1;Einschulungsart;;Insgesamt;28256;Anzahl;BIL015;Schulanfänger
21111;Statistik der allgemeinbildenden Schulen;SLJAHR;Schuljahr;2024-P1Y;DINSG;Deutschland insgesamt;DG;Deutschland;GES;Geschlecht;;Insgesamt;BILSA6;Schulart (Einschulung);SCHULE11;Förderschulen;BILEA1;Einschulungsart;BILEA12;Fristgemäße Einschulungen;21849;Anzahl;BIL015;Schulanfänger
21111;Statistik der allgemeinbildenden Schulen;SLJAHR;Schuljahr;2023-P1Y;DINSG;Deutschland insgesamt;DG;Deutschland;GES;Geschlecht;GESW;weiblich;BILSA6;Schulart (Einschulung);;Insgesamt;BILEA1;Einschulungsart;BILEA12;Fristgemäße Einschulungen;371555;Anzahl;BIL015;Schulanfänger
21111;Statistik der allgemeinbildenden Schulen;SLJAHR;Schuljahr;2023-P1Y;DINSG;Deutschland insgesamt;DG;Deutschland;GES;Geschlecht;;Insgesamt;BILSA6;Schulart (Einschulung);SCHULE10;Freie Waldorfschulen;BILEA1;Einschulungsart;;Insgesamt;7434;Anzahl;BIL015;Schulanfänger
21111;Statistik der allgemeinbildenden Schulen;SLJAHR;Schuljahr;2024-P1Y;DINSG;Deutschland insgesamt;DG;Deutschland;GES;Geschlecht;GESW;weiblich;BILSA6;Schulart (Einschulung);;Insgesamt;BILEA1;Einschulungsart;BILEA12;Fristgemäße Einschulungen;371303;Anzahl;BIL015;Schulanfänger
21111;Statistik der allgemeinbildenden Schulen;SLJAHR;Schuljahr;2024-P1Y;DINSG;Deutschland insgesamt;DG;Deutschland;GES;Geschlecht;GESW;weiblich;BILSA6;Schulart (Einschulung);;Insgesamt;BILEA1;Einschulungsart;;Insgesamt;404909;Anzahl;BIL015;Schulanfänger
21111;Statistik der allgemeinbildenden Schulen;SLJAHR;Schuljahr;2023-P1Y;DINSG;Deutschland insgesamt;DG;Deutschland;GES;Geschlecht;GESW;weiblich;BILSA6;Schulart (Einschulung);SCHULE03;Grundschulen;BILEA1;Einschulungsart;;Insgesamt;383205;Anzahl;BIL015;Schulanfänger
21111;Statistik der allgemeinbildenden Schulen;SLJAHR;Schuljahr;2023-P1Y;DINSG;Deutschland insgesamt;DG;Deutschland;GES;Geschlecht;GESM;männlich;BILSA6;Schulart (Einschulung);SCHULE09;Schularten mit drei Bildungsgängen;BILEA1;Einschulungsart;BILEA15;Sonstige Einschulungen;17;Anzahl;BIL015;Schulanfänger
21111;Statistik der allgemeinbildenden Schulen;SLJAHR;Schuljahr;2023-P1Y;DINSG;Deutschland insgesamt;DG;Deutschland;GES;Geschlecht;;Insgesamt;BILSA6;Schulart (Einschulung);SCHULE10;Freie Waldorfschulen;BILEA1;Einschulungsart;BILEA12;Fristgemäße Einschulungen;6498;Anzahl;BIL015;Schulanfänger
21111;Statistik der allgemeinbildenden Schulen;SLJAHR;Schuljahr;2023-P1Y;DINSG;Deutschland insgesamt;DG;Deutschland;GES;Geschlecht;GESM;männlich;BILSA6;Schulart (Einschulung);SCHULE11;Förderschulen;BILEA1;Einschulungsart;;Insgesamt;18559;Anzahl;BIL015;Schulanfänger
21111;Statistik der allgemeinbildenden Schulen;SLJAHR;Schuljahr;2023-P1Y;DINSG;Deutschland insgesamt;DG;Deutschland;GES;Geschlecht;GESW;weiblich;BILSA6;Schulart (Einschulung);SCHULE10;Freie Waldorfschulen;BILEA1;Einschulungsart;BILEA12;Fristgemäße Einschulungen;3402;Anzahl;BIL015;Schulanfänger
21111;Statistik der allgemeinbildenden Schulen;SLJAHR;Schuljahr;2023-P1Y;DINSG;Deutschland insgesamt;DG;Deutschland;GES;Geschlecht;;Insgesamt;BILSA6;Schulart (Einschulung);SCHULE03;Grundschulen;BILEA1;Einschulungsart;BILEA12;Fristgemäße Einschulungen;708566;Anzahl;BIL015;Schulanfänger
21111;Statistik der allgemeinbildenden Schulen;SLJAHR;Schuljahr;2023-P1Y;DINSG;Deutschland insgesamt;DG;Deutschland;GES;Geschlecht;GESW;weiblich;BILSA6;Schulart (Einschulung);SCHULE03;Grundschulen;BILEA1;Einschulungsart;BILEA12;Fristgemäße Einschulungen;352388;Anzahl;BIL015;Schulanfänger
21111;Statistik der allgemeinbildenden Schulen;SLJAHR;Schuljahr;2024-P1Y;DINSG;Deutschland insgesamt;DG;Deutschland;GES;Geschlecht;GESW;weiblich;BILSA6;Schulart (Einschulung);SCHULE10;Freie Waldorfschulen;BILEA1;Einschulungsart;BILEA14;Einschulungen der geistig Behinderten;-;Anzahl;BIL015;Schulanfänger
21111;Statistik der allgemeinbildenden Schulen;SLJAHR;Schuljahr;2024-P1Y;DINSG;Deutschland insgesamt;DG;Deutschland;GES;Geschlecht;;Insgesamt;BILSA6;Schulart (Einschulung);SCHULE09;Schularten mit drei Bildungsgängen;BILEA1;Einschulungsart;BILEA11;Vorzeitige Einschulungen;862;Anzahl;BIL015;Schulanfänger
21111;Statistik der allgemeinbildenden Schulen;SLJAHR;Schuljahr;2023-P1Y;DINSG;Deutschland insgesamt;DG;Deutschland;GES;Geschlecht;GESM;männlich;BILSA6;Schulart (Einschulung);SCHULE11;Förderschulen;BILEA1;Einschulungsart;BILEA12;Fristgemäße Einschulungen;14107;Anzahl;BIL015;Schulanfänger
